id,title,filtered_words,label
R129,New Report on Election,theory magazine authority. try information though world. experts discuss ongoing developments election.,REAL
R227,New Report on Climate Change,section behind ago. hotel understand body service general alone enter everyone. experts discuss ongoing developments climate change.,REAL
F231,Aliens Confirmed by Sources,sea dinner leg cup. ahead thus measure see nice trouble social. involve particularly reality civil. — shocking claims aliens surface internet.,FAKE
R066,New Report on Policy,three world section. experts discuss ongoing developments policy.,REAL
F095,Mind Control Confirmed by Sources,piece mean open bed decade go something they. parent animal allow company. — shocking claims mind control surface internet.,FAKE
R174,New Report on Policy,tough mention manage. crime ahead cell sister think wonder change. experts discuss ongoing developments policy.,REAL
R201,New Report on Public Health,mother discussion in. rich measure approach. experts discuss ongoing developments public health.,REAL
R072,New Report on Education,ball mrs pressure operation community staff certainly. owner special chance. experts discuss ongoing developments education.,REAL
R064,New Report on Research,affect enough player ready alone need country. painting evening sell page environmental decision. experts discuss ongoing developments research.,REAL
F037,Miracle Drug Confirmed by Sources,center simple least series. natural image develop letter real. experience news character class television. — shocking claims miracle drug surface internet.,FAKE
R170,New Report on Technology Breakthrough,five benefit second note. yard serious direction. environment buy blood office idea fear. experts discuss ongoing developments technology breakthrough.,REAL
F110,Celebrity Scandal Confirmed by Sources,address beyond prove technology land behavior. smile resource interest draw focus during. market performance less. — shocking claims celebrity scandal surface internet.,FAKE
F048,Secret Cure Confirmed by Sources,high baby style country range special. — shocking claims secret cure surface internet.,FAKE
F082,Hoax Confirmed by Sources,account establish likely. risk marriage them. manager message hit several energy hand. — shocking claims hoax surface internet.,FAKE
F187,Miracle Drug Confirmed by Sources,church another final view half deep. follow region student want per important goal. city many practice form. — shocking claims miracle drug surface internet.,FAKE
F027,Miracle Drug Confirmed by Sources,wrong cold particularly blood shoulder truth. small matter reduce eat task indicate. position end full hot. — shocking claims miracle drug surface internet.,FAKE
F202,Hoax Confirmed by Sources,choice even affect investment financial. fear return drug movie. policy yard dark top light learn. — shocking claims hoax surface internet.,FAKE
F197,Secret Cure Confirmed by Sources,congress recognize piece enjoy long door seem. daughter center possible response grow federal. — shocking claims secret cure surface internet.,FAKE
R128,New Report on Climate Change,industry front test pull beyond different instead leader. maybe especially part use. structure wear statement or. experts discuss ongoing developments climate change.,REAL
F157,Government Cover-Up Confirmed by Sources,cold someone effort best truth. nation bar road anyone reach wonder. spend everyone front available offer church american debate. — shocking claims government cover-up surface internet.,FAKE
F117,Hoax Confirmed by Sources,mouth best develop blue camera. goal fight practice particular item method option. — shocking claims hoax surface internet.,FAKE
F173,Secret Cure Confirmed by Sources,include agreement beyond beautiful relationship shake. build middle moment alone long seem to. affect tough campaign trip. — shocking claims secret cure surface internet.,FAKE
F024,Aliens Confirmed by Sources,tend president color close. development attention business method term. teach history college agreement series still wear. — shocking claims aliens surface internet.,FAKE
F096,Celebrity Scandal Confirmed by Sources,movement event hope accept people cell. recognize imagine best. ability develop represent. dinner receive church. — shocking claims celebrity scandal surface internet.,FAKE
R247,New Report on Public Health,anything discuss value stuff law fine interest. spend source threat serious middle between. experts discuss ongoing developments public health.,REAL
F226,Government Cover-Up Confirmed by Sources,ok make deal happen. reflect night sing big four. — shocking claims government cover-up surface internet.,FAKE
F100,Flat Earth Confirmed by Sources,dream true national early research decide. minute single join opportunity law choose shoulder. — shocking claims flat earth surface internet.,FAKE
F246,Government Cover-Up Confirmed by Sources,since short us american. health project main break. congress become language generation. — shocking claims government cover-up surface internet.,FAKE
F183,Aliens Confirmed by Sources,let enter enough interest environment military. three wind study effect. — shocking claims aliens surface internet.,FAKE
R063,New Report on Policy,sometimes forward television method ahead democrat. relationship activity rise eye wide order. experts discuss ongoing developments policy.,REAL
R005,New Report on Election,still break note several time movement. experts discuss ongoing developments election.,REAL
R084,New Report on Election,get trip beyond threat know gas model month. watch one require table. experts discuss ongoing developments election.,REAL
R124,New Report on Education,get machine alone cut. store red industry talk big. experts discuss ongoing developments education.,REAL
R118,New Report on Research,general study create common. experts discuss ongoing developments research.,REAL
F001,Aliens Confirmed by Sources,others throw statement east manager can. traditional including home wait. agreement fear third mind create. write difficult trial value choose. — shocking claims aliens surface internet.,FAKE
F007,Immortal Jellyfish Confirmed by Sources,discover write value what. — shocking claims immortal jellyfish surface internet.,FAKE
F046,Mind Control Confirmed by Sources,trial order though. play study everybody collection write. — shocking claims mind control surface internet.,FAKE
R103,New Report on Research,local manager individual court tough. produce dark decide fire likely. debate report next job little nearly various. experts discuss ongoing developments research.,REAL
R037,New Report on Budget Report,skill experience short agency decade response. professor instead someone personal. increase wonder on. experts discuss ongoing developments budget report.,REAL
F193,Secret Cure Confirmed by Sources,collection face help traditional simple instead wife nearly. sign address answer pick thank. television mr human prove. — shocking claims secret cure surface internet.,FAKE
R166,New Report on Election,store often young safe door picture. ahead situation. experts discuss ongoing developments election.,REAL
F017,Immortal Jellyfish Confirmed by Sources,debate power side whatever organization mission on. — shocking claims immortal jellyfish surface internet.,FAKE
R008,New Report on Economic Growth,mention state relate whether standard. wrong crime recent maintain. experts discuss ongoing developments economic growth.,REAL
F071,Celebrity Scandal Confirmed by Sources,laugh watch remain including foot. — shocking claims celebrity scandal surface internet.,FAKE
F028,Mind Control Confirmed by Sources,best appear miss one without like. perhaps though east argue tough. — shocking claims mind control surface internet.,FAKE
F227,Immortal Jellyfish Confirmed by Sources,right affect price animal several spend travel decision. — shocking claims immortal jellyfish surface internet.,FAKE
R200,New Report on Public Health,radio service weight laugh tend collection. today main great accept. professor call forget control quality quickly. experts discuss ongoing developments public health.,REAL
R225,New Report on Climate Change,task push trip none power card. quality animal career dog. experts discuss ongoing developments climate change.,REAL
R062,New Report on Budget Report,current mission activity compare toward involve. experts discuss ongoing developments budget report.,REAL
F033,Hoax Confirmed by Sources,decide even gas experience business sport. hit wait character senior. — shocking claims hoax surface internet.,FAKE
F012,Hoax Confirmed by Sources,reach rather six movie left rate. item someone degree particularly series unit heavy. — shocking claims hoax surface internet.,FAKE
R121,New Report on Research,town every car positive stuff girl. watch provide ok pm. line mention nothing director tend certain common. experts discuss ongoing developments research.,REAL
F210,Aliens Confirmed by Sources,ready small mind. scientist move bag leg us worker. really area know natural. — shocking claims aliens surface internet.,FAKE
F151,Hoax Confirmed by Sources,ok alone standard add film modern. ahead professor energy issue mind customer product. — shocking claims hoax surface internet.,FAKE
F099,Secret Cure Confirmed by Sources,president today debate return. million finish old second new. — shocking claims secret cure surface internet.,FAKE
R090,New Report on Technology Breakthrough,plan area tree condition. experts discuss ongoing developments technology breakthrough.,REAL
R125,New Report on Budget Report,kind beyond deal apply present american. reality citizen program ground wrong. explain suddenly money table president. experts discuss ongoing developments budget report.,REAL
R091,New Report on Climate Change,organization arm require group trial while. reveal still space heart school news author. air movie watch event. experts discuss ongoing developments climate change.,REAL
R157,New Report on Climate Change,relate case early chair adult. thousand thing option change tree. experts discuss ongoing developments climate change.,REAL
F098,Miracle Drug Confirmed by Sources,effect animal thousand to. open president part quality way. — shocking claims miracle drug surface internet.,FAKE
F164,Immortal Jellyfish Confirmed by Sources,son hour per feeling. talk leave citizen their. employee require process act. — shocking claims immortal jellyfish surface internet.,FAKE
R050,New Report on Economic Growth,kid class money serve. customer wide charge act several ground. experts discuss ongoing developments economic growth.,REAL
R249,New Report on Climate Change,individual well today space type help prepare. cup nice change fund account. experts discuss ongoing developments climate change.,REAL
R093,New Report on Election,total task ever cost sell yourself. work play difficult forget everyone buy staff. art draw series range eat admit. experts discuss ongoing developments election.,REAL
R131,New Report on Education,number son week education serve. report play site ask son. experts discuss ongoing developments education.,REAL
F107,Flat Earth Confirmed by Sources,moment draw fire participant dark. give also already. across car coach mind. — shocking claims flat earth surface internet.,FAKE
F153,Hoax Confirmed by Sources,child represent call mouth approach environment. student world participant certainly fact. question best seven bit. — shocking claims hoax surface internet.,FAKE
F091,Flat Earth Confirmed by Sources,economic song right. hear democrat score. late support economic alone. avoid either major. — shocking claims flat earth surface internet.,FAKE
R246,New Report on Economic Growth,future prepare bank side catch. son difficult assume cultural training. experts discuss ongoing developments economic growth.,REAL
F004,Secret Cure Confirmed by Sources,wife wide contain. bit several model record player since later. fact difficult voice story attorney determine pressure. — shocking claims secret cure surface internet.,FAKE
F220,Celebrity Scandal Confirmed by Sources,foreign save leave dinner strong. general activity suffer indeed management seek. represent ground help describe. possible first exactly suddenly heart. — shocking claims celebrity scandal surface internet.,FAKE
F121,Hoax Confirmed by Sources,billion including policy allow industry knowledge. doctor phone car health short party. — shocking claims hoax surface internet.,FAKE
F245,Mind Control Confirmed by Sources,one night heart. claim today require cut most. — shocking claims mind control surface internet.,FAKE
R035,New Report on Climate Change,top cost create together relationship hotel. represent surface open social. experts discuss ongoing developments climate change.,REAL
R024,New Report on Education,machine prepare provide similar. experts discuss ongoing developments education.,REAL
F079,Miracle Drug Confirmed by Sources,black half west floor board single. professional probably increase answer computer economic. — shocking claims miracle drug surface internet.,FAKE
R094,New Report on Policy,perform walk door early. question hard have. force sort better line. throw whatever my. experts discuss ongoing developments policy.,REAL
R040,New Report on Policy,break treat conference wait stuff. million discover husband movie. experts discuss ongoing developments policy.,REAL
F170,Immortal Jellyfish Confirmed by Sources,million value part good agreement. education focus all. — shocking claims immortal jellyfish surface internet.,FAKE
F130,Immortal Jellyfish Confirmed by Sources,argue month explain movie. court blue. culture near water long. — shocking claims immortal jellyfish surface internet.,FAKE
R085,New Report on Economic Growth,school almost statement tonight. middle serious final white report. experts discuss ongoing developments economic growth.,REAL
R054,New Report on Budget Report,right attention hotel design. rest executive return news. certain show notice may discuss example scientist. experts discuss ongoing developments budget report.,REAL
R047,New Report on Technology Breakthrough,knowledge audience card care form born often. experts discuss ongoing developments technology breakthrough.,REAL
R199,New Report on Economic Growth,month hand energy page suffer soon road. continue head police brother amount. experts discuss ongoing developments economic growth.,REAL
F062,Miracle Drug Confirmed by Sources,project cut production identify. light particular plant agent house chair almost. executive role every teacher. — shocking claims miracle drug surface internet.,FAKE
R244,New Report on Technology Breakthrough,entire suffer possible maybe big. american international operation after. future cup pm low unit west. experts discuss ongoing developments technology breakthrough.,REAL
R107,New Report on Election,way theory black add degree. follow institution bad someone full area political. experts discuss ongoing developments election.,REAL
F148,Aliens Confirmed by Sources,hair six red design. nearly race price well. — shocking claims aliens surface internet.,FAKE
F023,Mind Control Confirmed by Sources,wish commercial evidence site local. candidate agree soon agree purpose sea. rock quality bit sure involve stand writer. — shocking claims mind control surface internet.,FAKE
R075,New Report on Budget Report,girl share few. moment course success window tax. experts discuss ongoing developments budget report.,REAL
R220,New Report on Public Health,score kitchen open nearly life simple. event think wear toward stock service authority. usually success bad sort garden. experts discuss ongoing developments public health.,REAL
R099,New Report on Economic Growth,tonight group pattern argue response. study fine pattern together wonder. experts discuss ongoing developments economic growth.,REAL
F066,Flat Earth Confirmed by Sources,capital station federal wish sister. local money effort. — shocking claims flat earth surface internet.,FAKE
F060,Flat Earth Confirmed by Sources,police bed see high. — shocking claims flat earth surface internet.,FAKE
F022,Government Cover-Up Confirmed by Sources,security mention beyond glass. news five however accept decide source. — shocking claims government cover-up surface internet.,FAKE
F127,Mind Control Confirmed by Sources,hour move morning standard late. issue learn stand. — shocking claims mind control surface internet.,FAKE
R212,New Report on Education,edge power road lawyer best film throughout. raise right reason available wrong budget court. similar test list turn decade my. experts discuss ongoing developments education.,REAL
F119,Mind Control Confirmed by Sources,eat throughout respond professional so. create economy arrive these. try technology dark important property. — shocking claims mind control surface internet.,FAKE
F103,Hoax Confirmed by Sources,indicate area risk art do. care back allow husband. girl significant good middle nothing pass. — shocking claims hoax surface internet.,FAKE
F191,Mind Control Confirmed by Sources,tax area low kind. southern name individual generation. material project serve blood eat remember son. — shocking claims mind control surface internet.,FAKE
F002,Mind Control Confirmed by Sources,control range production movement unit floor. soon difficult fall daughter hand entire. — shocking claims mind control surface internet.,FAKE
R155,New Report on Election,foreign show follow theory blue share. house really majority cold. follow exactly maintain week. experts discuss ongoing developments election.,REAL
R006,New Report on Technology Breakthrough,want risk let term break. exactly describe high rate. experts discuss ongoing developments technology breakthrough.,REAL
F086,Government Cover-Up Confirmed by Sources,feel structure successful building everything structure. edge black current type democratic piece cause. turn week quite parent beyond. — shocking claims government cover-up surface internet.,FAKE
R168,New Report on Election,method call able training hold stay center common. share program stock responsibility religious. sea since experience gas. kind anyone reveal movie. experts discuss ongoing developments election.,REAL
R077,New Report on Public Health,husband product center ago writer congress. coach interview offer special indicate. experts discuss ongoing developments public health.,REAL
F209,Hoax Confirmed by Sources,choice behavior machine. onto century nature language. — shocking claims hoax surface internet.,FAKE
R236,New Report on Public Health,everything ok radio want beautiful doctor six. even couple in. experts discuss ongoing developments public health.,REAL
F186,Aliens Confirmed by Sources,whose majority leg respond method. stay least organization like. city hear discussion rate firm officer table. — shocking claims aliens surface internet.,FAKE
R243,New Report on Public Health,girl table letter. remain discuss form office parent. experts discuss ongoing developments public health.,REAL
F094,Immortal Jellyfish Confirmed by Sources,carry kind possible method open. always significant single federal meeting certain. note check rather house along move. — shocking claims immortal jellyfish surface internet.,FAKE
R032,New Report on Economic Growth,cultural decide sure knowledge drive story plan. rock hand student indeed simply. carry design majority win world training. experts discuss ongoing developments economic growth.,REAL
R033,New Report on Education,certain expect court detail. mrs operation threat spend. experts discuss ongoing developments education.,REAL
R045,New Report on Technology Breakthrough,enjoy push black cut practice blood similar while. week whose right since behavior. experts discuss ongoing developments technology breakthrough.,REAL
R116,New Report on Education,let unit book. drop site simple president. kitchen office sure sea congress. fight scientist follow understand growth group. experts discuss ongoing developments education.,REAL
F056,Celebrity Scandal Confirmed by Sources,opportunity future since show. — shocking claims celebrity scandal surface internet.,FAKE
R043,New Report on Policy,grow threat really third. return design bad control candidate. experts discuss ongoing developments policy.,REAL
R145,New Report on Economic Growth,arm beat group alone. pattern student father rich find develop. south money success school think thus clear. experts discuss ongoing developments economic growth.,REAL
F200,Secret Cure Confirmed by Sources,subject likely skin yes class sure. form impact region produce board bank organization full. project box figure. let water animal ahead. — shocking claims secret cure surface internet.,FAKE
F034,Celebrity Scandal Confirmed by Sources,human event former prevent study. recently appear two develop. set miss product approach cell charge may either. — shocking claims celebrity scandal surface internet.,FAKE
F149,Secret Cure Confirmed by Sources,threat pay begin draw thought carry interest inside. color administration commercial include soon though war. — shocking claims secret cure surface internet.,FAKE
F051,Secret Cure Confirmed by Sources,wife cover size work. beautiful return game win build myself. — shocking claims secret cure surface internet.,FAKE
F089,Flat Earth Confirmed by Sources,say minute whole doctor. investment short quickly carry share state. — shocking claims flat earth surface internet.,FAKE
F135,Flat Earth Confirmed by Sources,former peace two boy. response gas work throughout bank billion. mother sign decade say wrong. — shocking claims flat earth surface internet.,FAKE
F088,Government Cover-Up Confirmed by Sources,meet admit number generation imagine network. eat simple seven clearly. police decide later wear yes impact. — shocking claims government cover-up surface internet.,FAKE
R010,New Report on Election,address data future threat draw. receive letter. size model knowledge direction. movie behavior say choice. experts discuss ongoing developments election.,REAL
R211,New Report on Policy,carry cause garden often. product record want present quickly international better. experts discuss ongoing developments policy.,REAL
F204,Miracle Drug Confirmed by Sources,senior whole around first health. inside he. agency piece mention real talk thing. — shocking claims miracle drug surface internet.,FAKE
F168,Miracle Drug Confirmed by Sources,large hot data red benefit scientist need two. — shocking claims miracle drug surface internet.,FAKE
R011,New Report on Public Health,southern article three people experience better claim. necessary response return official occur fact nation. experts discuss ongoing developments public health.,REAL
R232,New Report on Climate Change,amount raise service almost law. writer house soon military write future. experts discuss ongoing developments climate change.,REAL
R042,New Report on Public Health,another middle think response. subject civil include old. family close hundred end interest city series. experts discuss ongoing developments public health.,REAL
F182,Hoax Confirmed by Sources,board admit point say clear investment. require onto human left defense. approach receive reality rise style plant throw. — shocking claims hoax surface internet.,FAKE
F036,Miracle Drug Confirmed by Sources,next agent season evening line. meeting free piece cell. result specific central democrat learn tend someone. — shocking claims miracle drug surface internet.,FAKE
F068,Secret Cure Confirmed by Sources,officer impact push. past tonight appear opportunity say less could. — shocking claims secret cure surface internet.,FAKE
R015,New Report on Election,seven different care year model hot. eye sometimes trouble live. send probably act get though player. experts discuss ongoing developments election.,REAL
R147,New Report on Climate Change,scene power central role operation write drop. establish blood base administration meet impact mind. experts discuss ongoing developments climate change.,REAL
F198,Government Cover-Up Confirmed by Sources,simply ready reveal your. true almost challenge part mind instead time present. move eight road fire on. — shocking claims government cover-up surface internet.,FAKE
R081,New Report on Climate Change,model show rock establish. experts discuss ongoing developments climate change.,REAL
F050,Aliens Confirmed by Sources,ask reveal statement huge. allow quickly american already large news. — shocking claims aliens surface internet.,FAKE
F162,Celebrity Scandal Confirmed by Sources,lose campaign use. two pick affect than. prevent middle develop seem wind evidence. — shocking claims celebrity scandal surface internet.,FAKE
R028,New Report on Technology Breakthrough,soldier manage save board energy level seem these. song science collection require room. financial together hard outside executive. experts discuss ongoing developments technology breakthrough.,REAL
R195,New Report on Budget Report,rest debate five process federal. point skill choice last question. experts discuss ongoing developments budget report.,REAL
F116,Aliens Confirmed by Sources,effort around something conference. window truth inside. foreign hard describe prepare operation like. — shocking claims aliens surface internet.,FAKE
R018,New Report on Research,study find lead station. mrs use source figure take. experts discuss ongoing developments research.,REAL
F073,Immortal Jellyfish Confirmed by Sources,within raise local trade agreement family sport traditional. bed music plant. indicate police however card since. — shocking claims immortal jellyfish surface internet.,FAKE
F059,Miracle Drug Confirmed by Sources,building window music. anything manager create bed card. institution imagine smile oil senior natural. — shocking claims miracle drug surface internet.,FAKE
R078,New Report on Budget Report,stand short pretty every alone reason today sit. institution understand herself. per risk enter career. experts discuss ongoing developments budget report.,REAL
F216,Secret Cure Confirmed by Sources,knowledge life treat country former artist third. bit ten buy rate instead. — shocking claims secret cure surface internet.,FAKE
F206,Celebrity Scandal Confirmed by Sources,ago level help power similar finally. challenge coach already eight finally possible. notice example hundred conference. — shocking claims celebrity scandal surface internet.,FAKE
R036,New Report on Research,certain always another perhaps involve. guy plan example head near thought. experts discuss ongoing developments research.,REAL
F104,Aliens Confirmed by Sources,role degree country trade everything region series. compare even collection. — shocking claims aliens surface internet.,FAKE
F000,Hoax Confirmed by Sources,statement others anything another friend pm. write material rule east save. affect effect guess author force million ball. — shocking claims hoax surface internet.,FAKE
R136,New Report on Education,improve sport painting size stuff body baby. account option fight gun day current military. experts discuss ongoing developments education.,REAL
F019,Immortal Jellyfish Confirmed by Sources,everyone speech vote director like beyond energy certainly. performance law son agree eight remain point. — shocking claims immortal jellyfish surface internet.,FAKE
R012,New Report on Technology Breakthrough,whole television color meeting republican business official. security pick open foot clear represent. result allow authority mother agreement event. experts discuss ongoing developments technology breakthrough.,REAL
R052,New Report on Education,health beat single modern officer church pay already. experts discuss ongoing developments education.,REAL
R123,New Report on Climate Change,whose middle listen floor. short buy history brother read. experts discuss ongoing developments climate change.,REAL
F040,Government Cover-Up Confirmed by Sources,throughout agency similar standard alone week despite. day important finish save season reality foreign white. — shocking claims government cover-up surface internet.,FAKE
R160,New Report on Climate Change,truth effort left produce. idea rich final although third effort. old born interview behind wonder paper. experts discuss ongoing developments climate change.,REAL
F067,Immortal Jellyfish Confirmed by Sources,avoid old job hard. section sea city. marriage home leg head goal. — shocking claims immortal jellyfish surface internet.,FAKE
R069,New Report on Research,level yes notice show employee century student. director process world per structure boy. want relate performance. experts discuss ongoing developments research.,REAL
F160,Mind Control Confirmed by Sources,visit bring laugh home skin. though point point doctor away theory memory. listen require support. — shocking claims mind control surface internet.,FAKE
F053,Hoax Confirmed by Sources,happy value hospital several information. sea easy class who. hospital spend new food fly player history. — shocking claims hoax surface internet.,FAKE
R074,New Report on Education,knowledge product attorney behind happen day study. become improve conference candidate speak. everything discussion make serious painting. experts discuss ongoing developments education.,REAL
R007,New Report on Election,issue case far apply perhaps west attention speak. especially beat value appear anything dog group season. south cover wide beautiful visit what. experts discuss ongoing developments election.,REAL
R119,New Report on Climate Change,apply time safe practice exactly single cup watch. line something site particular pull speech. experts discuss ongoing developments climate change.,REAL
R087,New Report on Budget Report,assume food management expect american. seem cold late scientist near surface. ten official artist. experts discuss ongoing developments budget report.,REAL
F145,Miracle Drug Confirmed by Sources,hear issue science. nation current need carry. — shocking claims miracle drug surface internet.,FAKE
R065,New Report on Budget Report,entire high test difficult provide answer poor. still economic worker ever. experts discuss ongoing developments budget report.,REAL
R208,New Report on Budget Report,fact however economic respond leader forward. little another child. type read short expert. experts discuss ongoing developments budget report.,REAL
R048,New Report on Budget Report,rather play. must blood attorney ball interest. trouble fight clear. experts discuss ongoing developments budget report.,REAL
F076,Aliens Confirmed by Sources,last senior adult market member agreement. gas soon fear increase. unit financial section generation sister share. — shocking claims aliens surface internet.,FAKE
R019,New Report on Policy,night show brother president thought. exist spend people. girl garden mind item others use. experts discuss ongoing developments policy.,REAL
F115,Immortal Jellyfish Confirmed by Sources,chair require fact discuss tough. keep follow first technology force not. movie travel throw wish clearly. — shocking claims immortal jellyfish surface internet.,FAKE
R031,New Report on Education,amount drug small wait institution century loss. space forward something government water star response. experts discuss ongoing developments education.,REAL
R190,New Report on Research,discussion program father language contain green. experts discuss ongoing developments research.,REAL
F057,Mind Control Confirmed by Sources,nearly color training. address treat simply cost baby two game. natural collection support maybe. — shocking claims mind control surface internet.,FAKE
F158,Immortal Jellyfish Confirmed by Sources,everybody surface late same. course second forget series according. enter store sing home join. style republican teacher five focus. — shocking claims immortal jellyfish surface internet.,FAKE
F234,Flat Earth Confirmed by Sources,season case still structure entire also. young represent popular front. simple several store. — shocking claims flat earth surface internet.,FAKE
F155,Flat Earth Confirmed by Sources,shoulder source economy great like detail always. environment test good hour top can. officer contain key tonight increase then. — shocking claims flat earth surface internet.,FAKE
F106,Flat Earth Confirmed by Sources,chair study science blue. language many budget war. — shocking claims flat earth surface internet.,FAKE
R051,New Report on Policy,crime wish also member base pretty. year government human all. experts discuss ongoing developments policy.,REAL
R203,New Report on Education,draw section over. plant gas worry artist similar care. good black company onto. experts discuss ongoing developments education.,REAL
F063,Secret Cure Confirmed by Sources,american morning general receive allow scientist. study house report church friend. stage week strategy. — shocking claims secret cure surface internet.,FAKE
R080,New Report on Policy,hospital exist. quality customer yourself. role final heart method. experts discuss ongoing developments policy.,REAL
R226,New Report on Public Health,outside table language safe. bad reduce federal senior piece. turn west wish. experts discuss ongoing developments public health.,REAL
F144,Hoax Confirmed by Sources,save particularly rate card ahead voice. early offer us black claim. — shocking claims hoax surface internet.,FAKE
F241,Flat Earth Confirmed by Sources,management send mission area modern. risk us practice green door policy. ground fill everyone even buy. — shocking claims flat earth surface internet.,FAKE
R150,New Report on Election,ask traditional change understand street member. experts discuss ongoing developments election.,REAL
R153,New Report on Research,court exactly upon security glass pick upon. forward anyone especially figure bank. game compare professor. experts discuss ongoing developments research.,REAL
F175,Hoax Confirmed by Sources,admit world home article late machine since. — shocking claims hoax surface internet.,FAKE
F161,Immortal Jellyfish Confirmed by Sources,daughter popular suffer although pick. note include team better mention policy. make appear sister note officer. — shocking claims immortal jellyfish surface internet.,FAKE
F147,Secret Cure Confirmed by Sources,pick focus far. radio player computer result someone defense. day half outside dog chair body. — shocking claims secret cure surface internet.,FAKE
F018,Secret Cure Confirmed by Sources,enough mission forward skin certain material star this. guess set executive fly upon. nice personal practice prepare. — shocking claims secret cure surface internet.,FAKE
F211,Celebrity Scandal Confirmed by Sources,understand possible similar hour. energy science position history large control employee. economic garden career side. — shocking claims celebrity scandal surface internet.,FAKE
R117,New Report on Research,author action policy employee nothing agreement development service. artist anything world still approach develop. experts discuss ongoing developments research.,REAL
F016,Aliens Confirmed by Sources,early third help natural center process. finish imagine account big really lead wonder above. citizen piece rich series. — shocking claims aliens surface internet.,FAKE
F029,Flat Earth Confirmed by Sources,author either window common husband number. throughout eat modern particular fall reality. decide either experience hundred memory. — shocking claims flat earth surface internet.,FAKE
F205,Celebrity Scandal Confirmed by Sources,moment thank product continue. let american case language teacher item mouth. letter let sport. — shocking claims celebrity scandal surface internet.,FAKE
R112,New Report on Economic Growth,trial turn western think hair federal. indeed usually usually different strong. experts discuss ongoing developments economic growth.,REAL
F218,Government Cover-Up Confirmed by Sources,represent must somebody others fact he. push put spring success ball skin. — shocking claims government cover-up surface internet.,FAKE
R187,New Report on Education,return listen deep focus computer. budget decide mother parent beautiful subject. consumer growth growth law build. experts discuss ongoing developments education.,REAL
F087,Celebrity Scandal Confirmed by Sources,single happy peace end realize three. fast year probably listen challenge within. — shocking claims celebrity scandal surface internet.,FAKE
R171,New Report on Education,item call center outside career yeah. system remain whatever specific. process measure community team party all. experts discuss ongoing developments education.,REAL
R113,New Report on Technology Breakthrough,finish response indeed director call few. whose son particular new. experts discuss ongoing developments technology breakthrough.,REAL
R222,New Report on Public Health,company laugh whose learn cover. indeed leg candidate responsibility. small approach front buy past before. experts discuss ongoing developments public health.,REAL
F233,Secret Cure Confirmed by Sources,data scientist tough. increase cultural phone total art. — shocking claims secret cure surface internet.,FAKE
R223,New Report on Climate Change,team push almost artist second. major per church couple seek mind. experts discuss ongoing developments climate change.,REAL
F224,Secret Cure Confirmed by Sources,activity government southern share keep. best paper prevent commercial street. school certain. sound realize interesting ahead item office she. — shocking claims secret cure surface internet.,FAKE
R181,New Report on Climate Change,boy fear today line boy school friend. experts discuss ongoing developments climate change.,REAL
R056,New Report on Public Health,thank son hit organization reason new. natural build dinner job adult. experts discuss ongoing developments public health.,REAL
R110,New Report on Education,agent mr hold rock finally science also. yes special child may. experts discuss ongoing developments education.,REAL
R219,New Report on Education,television anything major food natural plant. indeed national wall vote. experts discuss ongoing developments education.,REAL
R224,New Report on Education,field design move play feel rule. pass share president along. unit team cost money contain. experts discuss ongoing developments education.,REAL
F178,Immortal Jellyfish Confirmed by Sources,fast tax bar. mother author personal her. — shocking claims immortal jellyfish surface internet.,FAKE
F074,Secret Cure Confirmed by Sources,court hospital green resource source. argue skin allow late. ever daughter huge run show painting. — shocking claims secret cure surface internet.,FAKE
R034,New Report on Budget Report,hand local song. expect carry science easy. experts discuss ongoing developments budget report.,REAL
R095,New Report on Policy,memory visit assume. someone right career kind still something. follow thing move whole. result box staff as. experts discuss ongoing developments policy.,REAL
F011,Aliens Confirmed by Sources,education ever miss move near bed life. smile think poor. — shocking claims aliens surface internet.,FAKE
R162,New Report on Policy,practice somebody book fill activity strong quickly. several ready little remember little activity. experts discuss ongoing developments policy.,REAL
R218,New Report on Election,staff growth fear else. choice executive form already real food end effort. claim hospital throw late see. experts discuss ongoing developments election.,REAL
F136,Miracle Drug Confirmed by Sources,activity look. tough serve suffer police institution near. — shocking claims miracle drug surface internet.,FAKE
R108,New Report on Economic Growth,strong cold story middle prepare left identify eat. environment evening country certain one school. tend push song. experts discuss ongoing developments economic growth.,REAL
R186,New Report on Research,possible compare participant. thing argue particularly left. experts discuss ongoing developments research.,REAL
R248,New Report on Technology Breakthrough,determine nothing rule stock. feel institution process open race democrat recently. win republican court rather. experts discuss ongoing developments technology breakthrough.,REAL
F045,Immortal Jellyfish Confirmed by Sources,mouth movie provide within century. quality real machine traditional possible certainly. describe live sit condition soldier deal catch. — shocking claims immortal jellyfish surface internet.,FAKE
F092,Secret Cure Confirmed by Sources,lay receive receive girl place particularly. ten much analysis mouth computer inside. — shocking claims secret cure surface internet.,FAKE
R100,New Report on Technology Breakthrough,discussion guess five respond federal. back spring care increase law. experts discuss ongoing developments technology breakthrough.,REAL
F075,Miracle Drug Confirmed by Sources,east soldier issue enough word writer view success. third dinner fill media name question whatever. phone second see grow modern. — shocking claims miracle drug surface internet.,FAKE
R059,New Report on Technology Breakthrough,certain consumer republican produce open. gas child character during. experts discuss ongoing developments technology breakthrough.,REAL
F213,Hoax Confirmed by Sources,example campaign short face attention. put exist affect picture five once. whose mrs seek family. since wife maintain wall various blue. — shocking claims hoax surface internet.,FAKE
R233,New Report on Education,bank benefit three life. tell season rich magazine rate create none. experts discuss ongoing developments education.,REAL
F072,Mind Control Confirmed by Sources,finally music quite. hold time meet year natural important east. — shocking claims mind control surface internet.,FAKE
R184,New Report on Budget Report,door mention personal try offer. build family east cost community. experts discuss ongoing developments budget report.,REAL
F134,Secret Cure Confirmed by Sources,important statement area huge wait defense. never trouble peace purpose exist smile keep. general option actually. — shocking claims secret cure surface internet.,FAKE
R096,New Report on Research,garden realize right edge time single. top upon bar include read region add hold. purpose society home vote make nice debate. experts discuss ongoing developments research.,REAL
R020,New Report on Policy,way opportunity item inside girl stay far check. turn score item goal. experts discuss ongoing developments policy.,REAL
R067,New Report on Policy,woman right interest protect their. number site fly young. claim property service middle consumer. experts discuss ongoing developments policy.,REAL
R215,New Report on Education,prove agency product report. figure great. imagine claim office town here. experts discuss ongoing developments education.,REAL
R127,New Report on Policy,worker thank fund improve bill none. leg situation happy class fish. behind crime player wife two value us thought. experts discuss ongoing developments policy.,REAL
R235,New Report on Technology Breakthrough,role outside science report concern. experts discuss ongoing developments technology breakthrough.,REAL
R163,New Report on Climate Change,range recent relate information either reality case increase. eat stay idea good great break read. experts discuss ongoing developments climate change.,REAL
R002,New Report on Education,unit federal camera film college. piece region president manager. answer power soldier responsibility believe. experts discuss ongoing developments education.,REAL
R021,New Report on Education,appear property hear face. member election our. practice event tend benefit current. experts discuss ongoing developments education.,REAL
R013,New Report on Technology Breakthrough,system onto return four economy product receive i. model guess reflect institution. executive notice go standard. experts discuss ongoing developments technology breakthrough.,REAL
F195,Flat Earth Confirmed by Sources,moment fish father prove. weight paper popular present. finally politics energy part accept. — shocking claims flat earth surface internet.,FAKE
R101,New Report on Research,discussion news land easy. performance science idea allow field seem. senior cultural process important. across doctor follow speech guy fish. experts discuss ongoing developments research.,REAL
R055,New Report on Research,find world. rather pattern compare significant begin lay. opportunity continue always prove turn finally. six forget another red offer. experts discuss ongoing developments research.,REAL
F190,Secret Cure Confirmed by Sources,apply table share offer cover save. central value trade fill music real common medical. — shocking claims secret cure surface internet.,FAKE
R004,New Report on Education,improve participant drop natural throw heart. great still ready physical animal. eight shoulder require. experts discuss ongoing developments education.,REAL
F080,Celebrity Scandal Confirmed by Sources,across agreement action particular. response certainly seem ready research. nature site tv behavior notice friend. — shocking claims celebrity scandal surface internet.,FAKE
F049,Hoax Confirmed by Sources,give mother positive ok whatever. community together group wrong history. — shocking claims hoax surface internet.,FAKE
F184,Secret Cure Confirmed by Sources,cost agency article interest top mention. point wrong avoid music son land. increase education region available power serve order. — shocking claims secret cure surface internet.,FAKE
F030,Secret Cure Confirmed by Sources,section individual house involve agreement happen community. east enough might religious none religious. — shocking claims secret cure surface internet.,FAKE
R213,New Report on Budget Report,explain race take candidate son simply lead. describe result firm him. experts discuss ongoing developments budget report.,REAL
F128,Immortal Jellyfish Confirmed by Sources,water fine plan page trial drop mother. sure seat leader early senior. throughout mission mr. — shocking claims immortal jellyfish surface internet.,FAKE
R231,New Report on Policy,attention require truth. federal nature matter deal key. mention threat exactly nearly statement reality. new plant market write according. experts discuss ongoing developments policy.,REAL
R061,New Report on Technology Breakthrough,create coach total kind production. fly green consumer box. range thing fact child article. experts discuss ongoing developments technology breakthrough.,REAL
R137,New Report on Education,cultural white remember pull practice response tend. resource turn south stock indicate may only. attack media design them. experts discuss ongoing developments education.,REAL
R185,New Report on Technology Breakthrough,public sister save blue watch culture. allow final walk affect economy must always. experts discuss ongoing developments technology breakthrough.,REAL
R204,New Report on Technology Breakthrough,player throw wife quite story. experts discuss ongoing developments technology breakthrough.,REAL
F217,Immortal Jellyfish Confirmed by Sources,read represent natural factor. four question claim heart thought. process practice computer low. — shocking claims immortal jellyfish surface internet.,FAKE
F176,Miracle Drug Confirmed by Sources,collection onto standard end. response main art picture increase. administration experience sense natural. — shocking claims miracle drug surface internet.,FAKE
R245,New Report on Technology Breakthrough,enter seven party share. generation everyone religious tv article bring type. experts discuss ongoing developments technology breakthrough.,REAL
R104,New Report on Election,save spring coach economy carry beat since. although according eight poor camera. citizen rate open message effect. experts discuss ongoing developments election.,REAL
F156,Flat Earth Confirmed by Sources,cover necessary look expect amount choice sell. style election develop. thousand try instead continue. — shocking claims flat earth surface internet.,FAKE
R194,New Report on Election,challenge despite explain decide. certain toward address art teach. positive fast plan. experts discuss ongoing developments election.,REAL
R161,New Report on Technology Breakthrough,take evidence majority special window. something structure minute tough control customer dark. experts discuss ongoing developments technology breakthrough.,REAL
F113,Immortal Jellyfish Confirmed by Sources,forget drive wear room seem street of. dream pretty also writer watch worker old. trial card purpose imagine. — shocking claims immortal jellyfish surface internet.,FAKE
F150,Hoax Confirmed by Sources,dark building per price. south behind wall never around share different. pick behavior center suddenly everybody official thought today. — shocking claims hoax surface internet.,FAKE
F047,Miracle Drug Confirmed by Sources,vote reveal glass behind price green student begin. head federal measure indicate smile. — shocking claims miracle drug surface internet.,FAKE
F008,Hoax Confirmed by Sources,tax government game individual agreement walk season. man save say really. — shocking claims hoax surface internet.,FAKE
F229,Aliens Confirmed by Sources,indeed agreement prove. — shocking claims aliens surface internet.,FAKE
R001,New Report on Research,decide light page window near wind. cost force know movement. case especially book peace hold note tend food. experts discuss ongoing developments research.,REAL
R241,New Report on Public Health,social person teacher ball. among like weight million year. piece foreign table. experts discuss ongoing developments public health.,REAL
R198,New Report on Climate Change,test full let floor person address sell room. else soon brother budget shake. position common operation theory friend interesting person. experts discuss ongoing developments climate change.,REAL
R229,New Report on Research,suddenly talk time fall foreign point. pull month science help among air. experts discuss ongoing developments research.,REAL
R205,New Report on Public Health,someone growth manager eye young. attention maintain fund majority particular. experts discuss ongoing developments public health.,REAL
F123,Celebrity Scandal Confirmed by Sources,begin director near onto standard forget. economy cut public tree. past live available baby fine store must. — shocking claims celebrity scandal surface internet.,FAKE
F043,Celebrity Scandal Confirmed by Sources,television news animal step economy allow party. officer woman great onto relationship might sometimes. — shocking claims celebrity scandal surface internet.,FAKE
F097,Celebrity Scandal Confirmed by Sources,measure concern budget important practice. represent notice somebody computer. various seven occur western range pick enter. — shocking claims celebrity scandal surface internet.,FAKE
R014,New Report on Research,course mr information pick always. stock number east also language address. fund beat simply hospital compare newspaper. experts discuss ongoing developments research.,REAL
F005,Flat Earth Confirmed by Sources,personal response amount go. military experience unit since cost. discuss defense meeting practice. scene fact ask check cause court growth health. — shocking claims flat earth surface internet.,FAKE
R234,New Report on Research,mission degree information its. experts discuss ongoing developments research.,REAL
F143,Aliens Confirmed by Sources,thousand high audience summer important. collection upon choice. century owner least side. — shocking claims aliens surface internet.,FAKE
R073,New Report on Economic Growth,recognize focus pretty any. throughout commercial gas reason. experts discuss ongoing developments economic growth.,REAL
R239,New Report on Education,success hotel night western. figure foreign majority. wrong food dark machine address. experts discuss ongoing developments education.,REAL
F181,Aliens Confirmed by Sources,certain cup yard close admit kid. option last road find rule everyone fact. — shocking claims aliens surface internet.,FAKE
R138,New Report on Election,face set case fact challenge democratic. look writer late hospital than. experts discuss ongoing developments election.,REAL
R172,New Report on Economic Growth,practice long within box rock prove or. six nice write community. experts discuss ongoing developments economic growth.,REAL
R143,New Report on Policy,boy hope almost gun several. standard three actually dream matter current. experts discuss ongoing developments policy.,REAL
F166,Mind Control Confirmed by Sources,north suggest seat almost coach. eye pick evidence wife thousand eight. — shocking claims mind control surface internet.,FAKE
R003,New Report on Budget Report,good red side democratic. experts discuss ongoing developments budget report.,REAL
R167,New Report on Climate Change,range cultural reality tell spring want. still word until. hard like tax politics. experts discuss ongoing developments climate change.,REAL
R183,New Report on Climate Change,else believe sort point least. enough star offer low fast statement. experts discuss ongoing developments climate change.,REAL
R238,New Report on Technology Breakthrough,imagine consumer describe energy majority. special news whose stand wait. experts discuss ongoing developments technology breakthrough.,REAL
R041,New Report on Election,catch eat good reason miss office. get letter deep loss recently reveal without. thus recognize six increase. experts discuss ongoing developments election.,REAL
F237,Government Cover-Up Confirmed by Sources,ground perhaps campaign soldier rest. task back sometimes weight left certainly. — shocking claims government cover-up surface internet.,FAKE
R086,New Report on Research,write movie measure go may model. investment soon congress. experts discuss ongoing developments research.,REAL
R240,New Report on Policy,scene spring positive reflect hour son here. house cold property son. experts discuss ongoing developments policy.,REAL
R133,New Report on Public Health,oil past structure with. arm rather choose behind. experts discuss ongoing developments public health.,REAL
F044,Hoax Confirmed by Sources,east idea thank recognize. past three different candidate information beyond. — shocking claims hoax surface internet.,FAKE
F125,Government Cover-Up Confirmed by Sources,particular million research human make. air push doctor young deal foot place. month house may. — shocking claims government cover-up surface internet.,FAKE
F165,Secret Cure Confirmed by Sources,trial even seat price player evening develop. — shocking claims secret cure surface internet.,FAKE
F137,Flat Earth Confirmed by Sources,foot difficult system serious detail. maintain politics owner note hot wind. street south cup agreement heart speak. — shocking claims flat earth surface internet.,FAKE
R088,New Report on Research,better line expert cold threat church water. enter medical civil work around. experts discuss ongoing developments research.,REAL
R169,New Report on Technology Breakthrough,concern education bag. boy major political onto ahead model. particular ball north share dinner positive. experts discuss ongoing developments technology breakthrough.,REAL
R193,New Report on Technology Breakthrough,yeah social anything. seven along upon bag everybody law. service wall lawyer degree front. experts discuss ongoing developments technology breakthrough.,REAL
F247,Mind Control Confirmed by Sources,medical whatever face purpose. sister level agency media. — shocking claims mind control surface internet.,FAKE
R179,New Report on Technology Breakthrough,nation attack this. short prepare left man part idea. experts discuss ongoing developments technology breakthrough.,REAL
F138,Immortal Jellyfish Confirmed by Sources,enough population bring day. around put decide cultural follow. sister scientist stuff edge professional result. recently debate participant. — shocking claims immortal jellyfish surface internet.,FAKE
R017,New Report on Policy,stop economy specific. term during. experts discuss ongoing developments policy.,REAL
F090,Mind Control Confirmed by Sources,recognize quite produce age east contain standard. step stage better big. — shocking claims mind control surface internet.,FAKE
F222,Mind Control Confirmed by Sources,billion serve stand one your. data guess detail check watch. — shocking claims mind control surface internet.,FAKE
R114,New Report on Climate Change,hour tax daughter per watch. pressure dark suffer point night traditional recognize. party early wife war well mrs. experts discuss ongoing developments climate change.,REAL
F235,Celebrity Scandal Confirmed by Sources,music cause international police according enjoy effect. hard institution staff energy. — shocking claims celebrity scandal surface internet.,FAKE
F185,Hoax Confirmed by Sources,feeling war serious rich. hotel standard enough including born. — shocking claims hoax surface internet.,FAKE
F221,Flat Earth Confirmed by Sources,property yes throw. campaign time keep. throughout everybody writer guy. — shocking claims flat earth surface internet.,FAKE
F054,Secret Cure Confirmed by Sources,apply simply the. care world responsibility decision soon possible. institution material ground ahead boy report list. — shocking claims secret cure surface internet.,FAKE
R000,New Report on Public Health,anyone imagine step within result theory forward. together common international see break popular senior. experts discuss ongoing developments public health.,REAL
R178,New Report on Budget Report,finish television pull hit whatever collection. experts discuss ongoing developments budget report.,REAL
F006,Hoax Confirmed by Sources,marriage crime sometimes. view stage wrong age. — shocking claims hoax surface internet.,FAKE
F174,Secret Cure Confirmed by Sources,lose job mission buy among clearly. stage avoid two address plant. — shocking claims secret cure surface internet.,FAKE
R009,New Report on Election,clear road onto address six record teacher. also large treatment education rise beautiful gun. help world throughout series cultural full. long community place line. experts discuss ongoing developments election.,REAL
R122,New Report on Economic Growth,moment move significant owner. also similar difference sit war. experts discuss ongoing developments economic growth.,REAL
F189,Immortal Jellyfish Confirmed by Sources,plan hard action recognize financial. join entire sense. sell rather pick wait service behavior. speech various deep evening gas admit chair. — shocking claims immortal jellyfish surface internet.,FAKE
R146,New Report on Technology Breakthrough,catch top direction idea kind these. majority turn modern. experts discuss ongoing developments technology breakthrough.,REAL
R022,New Report on Climate Change,daughter see citizen general woman. arm get minute wind town safe. experts discuss ongoing developments climate change.,REAL
F177,Aliens Confirmed by Sources,describe morning. medical job society clearly debate still family avoid. — shocking claims aliens surface internet.,FAKE
F021,Secret Cure Confirmed by Sources,report guess discuss field place. owner tend song join special. — shocking claims secret cure surface internet.,FAKE
R039,New Report on Economic Growth,expect mr want ahead value ball record. safe spring maybe right ground pull. around assume southern matter read option difficult. experts discuss ongoing developments economic growth.,REAL
F061,Miracle Drug Confirmed by Sources,heart gun matter beautiful. type receive large present window great. — shocking claims miracle drug surface internet.,FAKE
R057,New Report on Technology Breakthrough,finish season long couple. room rock else north. case avoid coach teacher return college value. experts discuss ongoing developments technology breakthrough.,REAL
F154,Immortal Jellyfish Confirmed by Sources,partner city listen. identify sport. — shocking claims immortal jellyfish surface internet.,FAKE
F052,Mind Control Confirmed by Sources,movie involve listen place class. wait section true tend. — shocking claims mind control surface internet.,FAKE
F124,Flat Earth Confirmed by Sources,company firm exist. beyond fear seem writer expert bank. — shocking claims flat earth surface internet.,FAKE
R071,New Report on Budget Report,enough memory job affect ahead book. enough break piece point pay. firm sometimes cause what. experts discuss ongoing developments budget report.,REAL
R152,New Report on Budget Report,vote head church religious standard center continue. national provide understand week memory minute. listen around poor wide. experts discuss ongoing developments budget report.,REAL
F038,Mind Control Confirmed by Sources,difficult education say certain site money style. including place weight there. — shocking claims mind control surface internet.,FAKE
F101,Immortal Jellyfish Confirmed by Sources,choose become onto player energy compare address. national hot occur action which. — shocking claims immortal jellyfish surface internet.,FAKE
F203,Celebrity Scandal Confirmed by Sources,community bank. history like number like customer. end difficult assume maintain. — shocking claims celebrity scandal surface internet.,FAKE
F192,Government Cover-Up Confirmed by Sources,create little key. tax thank exactly. visit surface identify water sell. — shocking claims government cover-up surface internet.,FAKE
R189,New Report on Climate Change,trip range action scientist suggest impact there. concern wait church arm. trouble authority white interview fall commercial claim. experts discuss ongoing developments climate change.,REAL
R098,New Report on Election,break together relate avoid indeed. price catch possible break oil action crime. expert black find model. experts discuss ongoing developments election.,REAL
R149,New Report on Economic Growth,unit forget expert. five challenge general conference education building last. experts discuss ongoing developments economic growth.,REAL
R046,New Report on Education,difficult leg trip common three nearly. experts discuss ongoing developments education.,REAL
F055,Hoax Confirmed by Sources,police account animal product catch. significant everything ten. — shocking claims hoax surface internet.,FAKE
F159,Flat Earth Confirmed by Sources,put song behavior picture. heavy former billion case political condition. — shocking claims flat earth surface internet.,FAKE
F083,Secret Cure Confirmed by Sources,mission everyone nearly finally involve community need. military decide design anything face. — shocking claims secret cure surface internet.,FAKE
R109,New Report on Education,success argue everyone method. energy participant coach without can. ask interesting kind question red. experts discuss ongoing developments education.,REAL
R102,New Report on Climate Change,meet local office cold. whatever mouth chair reason chance career finish type. experts discuss ongoing developments climate change.,REAL
R060,New Report on Election,spring prevent. though image democrat. one never like billion hear. experts discuss ongoing developments election.,REAL
F085,Secret Cure Confirmed by Sources,animal maybe card music son opportunity home. — shocking claims secret cure surface internet.,FAKE
F188,Hoax Confirmed by Sources,money blue pressure may new unit firm. responsibility hold character condition mission forward. begin base arm participant use music work. — shocking claims hoax surface internet.,FAKE
F131,Hoax Confirmed by Sources,industry available arrive bring. discussion imagine receive. growth surface law show learn. — shocking claims hoax surface internet.,FAKE
R202,New Report on Public Health,realize tree collection baby citizen. hope sea someone course. experts discuss ongoing developments public health.,REAL
F111,Celebrity Scandal Confirmed by Sources,hot ask soon develop individual part. affect take give same. — shocking claims celebrity scandal surface internet.,FAKE
R151,New Report on Policy,day take increase sell. week third receive. experts discuss ongoing developments policy.,REAL
F058,Government Cover-Up Confirmed by Sources,cost school senior. possible note painting stuff floor. discover chair mention material south. — shocking claims government cover-up surface internet.,FAKE
R164,New Report on Education,property west serious side. without drop cut. experts discuss ongoing developments education.,REAL
F242,Celebrity Scandal Confirmed by Sources,born method view. may first me. note beyond style player idea college. — shocking claims celebrity scandal surface internet.,FAKE
F064,Mind Control Confirmed by Sources,past skill none generation ground check. subject structure whether wear section. — shocking claims mind control surface internet.,FAKE
R228,New Report on Education,like evening leg body laugh. black moment life speech minute scientist. hotel past visit together free special month. experts discuss ongoing developments education.,REAL
R210,New Report on Economic Growth,somebody data large oil. weight past. staff behind message cultural. experts discuss ongoing developments economic growth.,REAL
R156,New Report on Policy,candidate light buy military. speak tough budget dog response. experts discuss ongoing developments policy.,REAL
R192,New Report on Climate Change,inside stand high effort forward course news painting. become throw heavy foreign. experts discuss ongoing developments climate change.,REAL
F102,Government Cover-Up Confirmed by Sources,common force result watch want. line response know good visit result cold. management become pressure government school significant. — shocking claims government cover-up surface internet.,FAKE
R237,New Report on Election,something protect although. need instead least role. experts discuss ongoing developments election.,REAL
F015,Immortal Jellyfish Confirmed by Sources,bar start throw fill resource. year every list student foot contain eat. — shocking claims immortal jellyfish surface internet.,FAKE
F020,Celebrity Scandal Confirmed by Sources,beat place book school window audience. pull democratic test medical color wish trial. — shocking claims celebrity scandal surface internet.,FAKE
R083,New Report on Election,type include painting impact husband travel. experts discuss ongoing developments election.,REAL
F035,Hoax Confirmed by Sources,appear pattern usually capital. future century teacher whether economic alone poor. — shocking claims hoax surface internet.,FAKE
R082,New Report on Budget Report,manage national boy town improve measure bag choose. upon somebody pattern lot develop determine property. often owner floor home month own. experts discuss ongoing developments budget report.,REAL
F114,Mind Control Confirmed by Sources,prove upon note development service. responsibility reveal protect technology sport production. american upon employee particular interview happen. face door begin system off. — shocking claims mind control surface internet.,FAKE
F179,Secret Cure Confirmed by Sources,poor however mr economic he. listen skin amount describe glass. go paper door list raise measure. — shocking claims secret cure surface internet.,FAKE
F026,Celebrity Scandal Confirmed by Sources,drive throw computer popular drug painting. majority million establish care. — shocking claims celebrity scandal surface internet.,FAKE
R217,New Report on Election,serious citizen catch. technology drop without. experts discuss ongoing developments election.,REAL
F009,Celebrity Scandal Confirmed by Sources,wear space discussion summer. follow citizen trial difficult executive speak think every. debate career cut question animal level million. — shocking claims celebrity scandal surface internet.,FAKE
F240,Aliens Confirmed by Sources,catch issue yes buy teacher green you. yard reality certainly none. task suddenly participant cell call himself. — shocking claims aliens surface internet.,FAKE
R216,New Report on Research,record understand claim expert attorney reality. easy act drop democrat area. experts discuss ongoing developments research.,REAL
F129,Flat Earth Confirmed by Sources,stand one low drug beyond probably. fly community treatment business necessary always. — shocking claims flat earth surface internet.,FAKE
R197,New Report on Education,pay leader likely feel stage prove. assume role method major. month worker different daughter check represent. experts discuss ongoing developments education.,REAL
F142,Government Cover-Up Confirmed by Sources,respond song protect organization plant key computer defense. budget less without. fire indicate high decide. board budget rock value. — shocking claims government cover-up surface internet.,FAKE
R140,New Report on Climate Change,oil dog think reduce fly anything. mention instead lot laugh. foot trip student environment. experts discuss ongoing developments climate change.,REAL
R165,New Report on Budget Report,hear staff law race beautiful. always art current prevent nation professional. determine environment southern. experts discuss ongoing developments budget report.,REAL
R139,New Report on Education,state stuff gas foreign miss task far. tonight short sometimes money late worry hard just. model throughout page upon stuff. experts discuss ongoing developments education.,REAL
F232,Hoax Confirmed by Sources,effort key daughter white. value start approach find need finish our. race toward point reason woman policy kid. — shocking claims hoax surface internet.,FAKE
F108,Celebrity Scandal Confirmed by Sources,experience shake management management account. want individual much performance. — shocking claims celebrity scandal surface internet.,FAKE
F167,Celebrity Scandal Confirmed by Sources,however owner thus forward go. believe traditional risk attorney yeah. — shocking claims celebrity scandal surface internet.,FAKE
R242,New Report on Research,defense require either tonight. kid outside tell night. experts discuss ongoing developments research.,REAL
F133,Immortal Jellyfish Confirmed by Sources,owner seat mean management seem mind free. source debate other. process place choice name happen certainly. — shocking claims immortal jellyfish surface internet.,FAKE
F025,Flat Earth Confirmed by Sources,sing democrat list school really bit natural. short main also office ahead. possible religious run opportunity cell. — shocking claims flat earth surface internet.,FAKE
F093,Immortal Jellyfish Confirmed by Sources,around high together. agree toward writer. program world probably source various son growth. — shocking claims immortal jellyfish surface internet.,FAKE
F236,Government Cover-Up Confirmed by Sources,eight drug ability citizen chair tonight thousand. — shocking claims government cover-up surface internet.,FAKE
F069,Flat Earth Confirmed by Sources,enough book choice water. time produce eye lot modern reach. — shocking claims flat earth surface internet.,FAKE
F219,Flat Earth Confirmed by Sources,raise skin meeting thought. skin free capital trial arrive director number. fear process certainly trip. — shocking claims flat earth surface internet.,FAKE
R079,New Report on Election,stuff beautiful institution major must administration. anyone fund case issue live scene. go shake per cultural. experts discuss ongoing developments election.,REAL
F042,Hoax Confirmed by Sources,car spring democrat evening. care join street voice purpose. gas economic east agency. — shocking claims hoax surface internet.,FAKE
R154,New Report on Budget Report,official family forward practice executive sister eye. deep late animal expect stage. throw central pattern war. experts discuss ongoing developments budget report.,REAL
R089,New Report on Public Health,street north exist available. trouble agreement brother include want across adult. start picture put tend. experts discuss ongoing developments public health.,REAL
R038,New Report on Public Health,effort data impact power campaign. experts discuss ongoing developments public health.,REAL
R053,New Report on Economic Growth,enter image daughter deal laugh. need candidate tax. cell charge assume history prove will. experts discuss ongoing developments economic growth.,REAL
F201,Hoax Confirmed by Sources,check use skin friend federal. check child production question protect head. close tax professional environmental wonder commercial skin. media door writer consumer. — shocking claims hoax surface internet.,FAKE
F013,Secret Cure Confirmed by Sources,thus benefit win region month summer million. establish detail seat. leader according ever choice although. may hold standard high receive often. — shocking claims secret cure surface internet.,FAKE
R023,New Report on Policy,place unit throughout guy girl account vote. network remain born operation always. experts discuss ongoing developments policy.,REAL
R068,New Report on Technology Breakthrough,method away sport movement market write sound. community matter reason election inside. white push friend deep lay receive. experts discuss ongoing developments technology breakthrough.,REAL
F065,Hoax Confirmed by Sources,car expert question heart west. attack candidate brother else week pick help. — shocking claims hoax surface internet.,FAKE
F239,Celebrity Scandal Confirmed by Sources,activity leader central next important season table why. — shocking claims celebrity scandal surface internet.,FAKE
F084,Miracle Drug Confirmed by Sources,discover agency law stuff expect hospital spring. audience culture report benefit course. — shocking claims miracle drug surface internet.,FAKE
R120,New Report on Election,general everything floor. like less discover. behavior type near sometimes husband likely respond. experts discuss ongoing developments election.,REAL
F207,Government Cover-Up Confirmed by Sources,force add relate future. suggest ground buy reveal. ability seat truth someone tell. — shocking claims government cover-up surface internet.,FAKE
R158,New Report on Economic Growth,check price table official gas set. health community fund lot key medical. rate meet note eat walk onto shake result. experts discuss ongoing developments economic growth.,REAL
R097,New Report on Technology Breakthrough,scientist somebody your. upon last natural social use. experts discuss ongoing developments technology breakthrough.,REAL
R092,New Report on Technology Breakthrough,shake sell central. ability within case republican address. experts discuss ongoing developments technology breakthrough.,REAL
F172,Hoax Confirmed by Sources,republican pull still just. term call either see. condition suffer key stage. — shocking claims hoax surface internet.,FAKE
R182,New Report on Economic Growth,rule write. reality arm. experts discuss ongoing developments economic growth.,REAL
F014,Secret Cure Confirmed by Sources,finally deep dog green a. newspaper test audience fish media play. door line compare piece myself. — shocking claims secret cure surface internet.,FAKE
R230,New Report on Election,thousand simple close spend traditional detail student believe. kid direction modern part almost despite western always. author subject design local leave shake major. experts discuss ongoing developments election.,REAL
F223,Government Cover-Up Confirmed by Sources,suddenly man pattern economy probably room similar. exist full resource quickly true among. — shocking claims government cover-up surface internet.,FAKE
R221,New Report on Policy,money large feeling according place tell much. war house car. experts discuss ongoing developments policy.,REAL
R173,New Report on Climate Change,mrs tree door final child. former arm star arm. something show country account something director run. source century across address require human. experts discuss ongoing developments climate change.,REAL
F249,Immortal Jellyfish Confirmed by Sources,stock president several strong miss. — shocking claims immortal jellyfish surface internet.,FAKE
F112,Government Cover-Up Confirmed by Sources,left couple social. newspaper win wish despite. practice wall it. — shocking claims government cover-up surface internet.,FAKE
R058,New Report on Budget Report,center board speech although. party mention none suffer. language daughter condition in. experts discuss ongoing developments budget report.,REAL
R159,New Report on Economic Growth,check let affect per store take big. experts discuss ongoing developments economic growth.,REAL
R029,New Report on Economic Growth,wear another receive your. seat drop. phone upon production education such. experts discuss ongoing developments economic growth.,REAL
R126,New Report on Research,money investment economic view voice. feeling prevent number eight yeah. experts discuss ongoing developments research.,REAL
R132,New Report on Education,pm door pretty second work. agent eat eight. experts discuss ongoing developments education.,REAL
R025,New Report on Election,policy carry election economic yet over. father service expect. admit fund ready seat boy mission central or. experts discuss ongoing developments election.,REAL
F214,Secret Cure Confirmed by Sources,tend structure political find traditional. occur public ask. — shocking claims secret cure surface internet.,FAKE
R177,New Report on Policy,eight indicate analysis. option yes side economic. wind nearly respond child risk. strategy process per catch company. experts discuss ongoing developments policy.,REAL
R196,New Report on Budget Report,experience often clear subject compare responsibility. particular wide detail spring. experts discuss ongoing developments budget report.,REAL
R135,New Report on Budget Report,hot new value. line cold building new out. experts discuss ongoing developments budget report.,REAL
F152,Government Cover-Up Confirmed by Sources,sign later world rest pick feeling. try debate purpose. character audience material write development. feeling factor huge scientist garden say interview. — shocking claims government cover-up surface internet.,FAKE
F180,Secret Cure Confirmed by Sources,rather develop within follow senior value statement. — shocking claims secret cure surface internet.,FAKE
F003,Secret Cure Confirmed by Sources,throughout enough environmental imagine sister high. — shocking claims secret cure surface internet.,FAKE
F244,Celebrity Scandal Confirmed by Sources,receive baby history never. — shocking claims celebrity scandal surface internet.,FAKE
F194,Immortal Jellyfish Confirmed by Sources,soldier ground lot know involve person care. main pattern apply growth. financial everything term weight. — shocking claims immortal jellyfish surface internet.,FAKE
R044,New Report on Policy,support law employee democrat generation himself. bag popular wide including hold. part need phone on. experts discuss ongoing developments policy.,REAL
R141,New Report on Economic Growth,lay sell dog. two floor account admit. dark medical lay. experts discuss ongoing developments economic growth.,REAL
R188,New Report on Climate Change,picture table. benefit lawyer step. experts discuss ongoing developments climate change.,REAL
F010,Aliens Confirmed by Sources,left agree people pm among compare appear. — shocking claims aliens surface internet.,FAKE
R106,New Report on Economic Growth,analysis respond traditional believe. experts discuss ongoing developments economic growth.,REAL
R049,New Report on Research,near someone herself. wide rate history across bill. study school food. week republican student page coach room best. experts discuss ongoing developments research.,REAL
R144,New Report on Budget Report,bank attention way pressure sister whom. experts discuss ongoing developments budget report.,REAL
F199,Celebrity Scandal Confirmed by Sources,table let enough. suddenly check hope blood. — shocking claims celebrity scandal surface internet.,FAKE
F215,Secret Cure Confirmed by Sources,power interesting available realize able else first. everybody instead. pm speech stay. — shocking claims secret cure surface internet.,FAKE
R176,New Report on Economic Growth,different us probably pass blood fill father. oil condition require drop. experts discuss ongoing developments economic growth.,REAL
F105,Hoax Confirmed by Sources,particular hospital know reveal future against. maybe church reveal teacher. — shocking claims hoax surface internet.,FAKE
F031,Miracle Drug Confirmed by Sources,agent human finally environment continue student hot. radio responsibility present owner. popular tree follow there. — shocking claims miracle drug surface internet.,FAKE
R206,New Report on Research,individual meet effort prove. arrive task trial economic agreement fish dream behind. experts discuss ongoing developments research.,REAL
F238,Secret Cure Confirmed by Sources,front place yet factor whose. heart activity technology talk program minute them. art week push possible far. — shocking claims secret cure surface internet.,FAKE
R027,New Report on Climate Change,total push wait heavy great. experts discuss ongoing developments climate change.,REAL
F169,Government Cover-Up Confirmed by Sources,full quickly always painting price. attorney fish want mission. — shocking claims government cover-up surface internet.,FAKE
F208,Aliens Confirmed by Sources,space without year national body. operation every almost lot personal. — shocking claims aliens surface internet.,FAKE
F212,Miracle Drug Confirmed by Sources,type exactly star carry. congress talk business news seem threat foreign. woman church minute. — shocking claims miracle drug surface internet.,FAKE
F032,Hoax Confirmed by Sources,chance car others bit big garden. — shocking claims hoax surface internet.,FAKE
F109,Hoax Confirmed by Sources,camera political anything woman themselves. idea fall step story everybody. simply hard set show show. individual crime air while. — shocking claims hoax surface internet.,FAKE
R111,New Report on Policy,one face fund continue street leader. miss person boy matter hour task. experts discuss ongoing developments policy.,REAL
F078,Aliens Confirmed by Sources,happen really physical share. recently line audience work season. break important institution meet. — shocking claims aliens surface internet.,FAKE
R105,New Report on Budget Report,hotel marriage prepare. experts discuss ongoing developments budget report.,REAL
F196,Government Cover-Up Confirmed by Sources,necessary human professional run mention effect. hold day pull book everybody start training. — shocking claims government cover-up surface internet.,FAKE
F118,Immortal Jellyfish Confirmed by Sources,detail open feel occur. natural hundred story unit. black within early style occur huge. — shocking claims immortal jellyfish surface internet.,FAKE
F077,Secret Cure Confirmed by Sources,sister case politics truth subject. decide north cause born foreign great. develop small rule cup. — shocking claims secret cure surface internet.,FAKE
F070,Government Cover-Up Confirmed by Sources,democrat person writer enough treatment street girl. majority south huge. — shocking claims government cover-up surface internet.,FAKE
F041,Immortal Jellyfish Confirmed by Sources,explain man us. young game must while. sell owner plant office. — shocking claims immortal jellyfish surface internet.,FAKE
R026,New Report on Policy,television across always interesting effort accept. price official able many tv risk. base resource picture medical. experts discuss ongoing developments policy.,REAL
R207,New Report on Policy,serious final. else poor official leg ask. expect particular debate energy. experts discuss ongoing developments policy.,REAL
F163,Secret Cure Confirmed by Sources,production make pick return positive project. boy two. keep plant wife market health type discover. — shocking claims secret cure surface internet.,FAKE
F171,Government Cover-Up Confirmed by Sources,small ready congress husband relate property. feel fill specific. — shocking claims government cover-up surface internet.,FAKE
F139,Immortal Jellyfish Confirmed by Sources,administration throughout low. still give across play. — shocking claims immortal jellyfish surface internet.,FAKE
F120,Miracle Drug Confirmed by Sources,send idea town voice store small arrive. friend church dream democratic recent marriage. poor building surface. drug support candidate wind task building. — shocking claims miracle drug surface internet.,FAKE
F146,Mind Control Confirmed by Sources,know particularly sense smile. eye role thousand particularly since. bit hospital rock draw fast free. — shocking claims mind control surface internet.,FAKE
R115,New Report on Research,usually former help machine use little. already beautiful relationship ten. east entire even simply wish laugh. live member accept participant. experts discuss ongoing developments research.,REAL
F039,Aliens Confirmed by Sources,recently individual air not. — shocking claims aliens surface internet.,FAKE
F225,Hoax Confirmed by Sources,force same. however body although. consider analysis trial. — shocking claims hoax surface internet.,FAKE
F140,Aliens Confirmed by Sources,none attorney office organization. — shocking claims aliens surface internet.,FAKE
F122,Mind Control Confirmed by Sources,decade suffer prove time sea present deal increase. ball sister take institution commercial. — shocking claims mind control surface internet.,FAKE
R070,New Report on Budget Report,think data consider. nature others hospital others chance movie. total leave audience game some. fight alone field grow. experts discuss ongoing developments budget report.,REAL
F248,Celebrity Scandal Confirmed by Sources,national worker main prevent month. across wear include difference different approach structure. — shocking claims celebrity scandal surface internet.,FAKE
R016,New Report on Technology Breakthrough,today eat bit tree who. whose edge require pay certain form sign season. experts discuss ongoing developments technology breakthrough.,REAL
R148,New Report on Technology Breakthrough,effect truth fast. man sense final imagine crime. able color statement edge. experts discuss ongoing developments technology breakthrough.,REAL
R142,New Report on Budget Report,natural. though drop lose new. experts discuss ongoing developments budget report.,REAL
F141,Miracle Drug Confirmed by Sources,political type mention world movie money. even lay bar up. — shocking claims miracle drug surface internet.,FAKE
R076,New Report on Technology Breakthrough,piece social information. experts discuss ongoing developments technology breakthrough.,REAL
R180,New Report on Budget Report,already teacher question reflect among decision card himself. another term development one air simple store. experts discuss ongoing developments budget report.,REAL
F126,Aliens Confirmed by Sources,better cover let. accept phone statement unit. — shocking claims aliens surface internet.,FAKE
R134,New Report on Economic Growth,around line range customer. onto tell store quality tree choice debate book. experts discuss ongoing developments economic growth.,REAL
F132,Mind Control Confirmed by Sources,require source follow serve article decision social. — shocking claims mind control surface internet.,FAKE
F230,Immortal Jellyfish Confirmed by Sources,always stage national somebody. present south medical change. determine start environmental perhaps remember fast. give quickly foot benefit read quite. — shocking claims immortal jellyfish surface internet.,FAKE
F243,Aliens Confirmed by Sources,majority boy mrs position local. usually performance interview help right baby. require sport bank war condition. world show already. — shocking claims aliens surface internet.,FAKE
R191,New Report on Budget Report,sure quickly place teach democratic. similar company figure arrive entire check. drug represent suggest check. experts discuss ongoing developments budget report.,REAL
R130,New Report on Public Health,pretty good business conference everyone. choice quality name lot sister risk free. past friend study. experts discuss ongoing developments public health.,REAL
F081,Mind Control Confirmed by Sources,beyond see green reality west ten. traditional response exist lawyer however. east meet guess. — shocking claims mind control surface internet.,FAKE
R209,New Report on Technology Breakthrough,strategy feeling rest meet. rich near work hand say white produce. experts discuss ongoing developments technology breakthrough.,REAL
F228,Hoax Confirmed by Sources,drug safe space boy article near. deep fine force recent data. — shocking claims hoax surface internet.,FAKE
R030,New Report on Budget Report,development operation its. apply agency accept science system. put begin nearly region. authority church onto officer sport raise. experts discuss ongoing developments budget report.,REAL
R214,New Report on Education,street sign reason investment bit section always. result front say machine medical sound. experts discuss ongoing developments education.,REAL
R175,New Report on Economic Growth,hot charge approach. change beautiful class benefit consumer. according product kind person song imagine. experts discuss ongoing developments economic growth.,REAL
