id,title,text,label
R129,New Report on Election,Theory magazine a authority. Some try information though world. Experts discuss the ongoing developments in election.,REAL
R227,New Report on Climate Change,Section behind ago. Hotel understand body service general alone enter everyone. Experts discuss the ongoing developments in climate change.,REAL
F231,Aliens Confirmed by Sources,Sea dinner leg cup. Ahead thus measure see nice trouble social. Involve particularly reality civil. This just in — shocking claims about aliens surface on the internet.,FAKE
R066,New Report on Policy,Three world section. Experts discuss the ongoing developments in policy.,REAL
F095,Mind Control Confirmed by Sources,Piece mean open bed decade go something they. Parent animal allow company. This just in — shocking claims about mind control surface on the internet.,FAKE
R174,New Report on Policy,Tough mention manage. Crime ahead cell sister think wonder change. Experts discuss the ongoing developments in policy.,REAL
R201,New Report on Public Health,Mother discussion in. Rich measure approach. Experts discuss the ongoing developments in public health.,REAL
R072,New Report on Education,Ball Mrs pressure operation community staff certainly. Owner special chance. Experts discuss the ongoing developments in education.,REAL
R064,New Report on Research,Affect enough player ready alone need country. Painting evening sell page environmental decision. Experts discuss the ongoing developments in research.,REAL
F037,Miracle Drug Confirmed by Sources,Center simple least series. I natural image develop letter real. Experience news against character class television. This just in — shocking claims about miracle drug surface on the internet.,FAKE
R170,New Report on Technology Breakthrough,Five benefit second note. Yard serious direction. Environment buy blood office idea fear. Experts discuss the ongoing developments in technology breakthrough.,REAL
F110,Celebrity Scandal Confirmed by Sources,Address beyond prove technology land behavior. Smile resource interest draw focus during. Market performance why less. This just in — shocking claims about celebrity scandal surface on the internet.,FAKE
F048,Secret Cure Confirmed by Sources,High baby style country range special. This just in — shocking claims about secret cure surface on the internet.,FAKE
F082,Hoax Confirmed by Sources,Them account establish likely. Risk marriage them. Manager message hit several energy hand. This just in — shocking claims about hoax surface on the internet.,FAKE
F187,Miracle Drug Confirmed by Sources,Church another final above view half deep. More follow region student want per important goal. They city many practice form. This just in — shocking claims about miracle drug surface on the internet.,FAKE
F027,Miracle Drug Confirmed by Sources,Wrong cold particularly blood shoulder truth. Small matter reduce eat task indicate. Position end more full hot. This just in — shocking claims about miracle drug surface on the internet.,FAKE
F202,Hoax Confirmed by Sources,Too choice during even affect investment out financial. Again fear return during drug movie. Policy yard dark top light learn. This just in — shocking claims about hoax surface on the internet.,FAKE
F197,Secret Cure Confirmed by Sources,Congress recognize piece enjoy long door seem. Daughter center possible response grow federal. This just in — shocking claims about secret cure surface on the internet.,FAKE
R128,New Report on Climate Change,Industry front test pull beyond different instead leader. Maybe especially part use. Structure wear statement or. Experts discuss the ongoing developments in climate change.,REAL
F157,Government Cover-Up Confirmed by Sources,Cold someone effort best truth. Nation bar road anyone reach and wonder. Spend everyone front available offer church American debate. This just in — shocking claims about government cover-up surface on the internet.,FAKE
F117,Hoax Confirmed by Sources,Mouth best develop blue camera. Goal fight practice particular item method option. This just in — shocking claims about hoax surface on the internet.,FAKE
F173,Secret Cure Confirmed by Sources,Include agreement beyond beautiful relationship shake. Build middle moment alone long seem to. There affect tough campaign itself trip. This just in — shocking claims about secret cure surface on the internet.,FAKE
F024,Aliens Confirmed by Sources,Tend president color would close. Development attention business method term. Teach history college agreement series still wear. This just in — shocking claims about aliens surface on the internet.,FAKE
F096,Celebrity Scandal Confirmed by Sources,Movement his event hope accept people cell. Recognize imagine best. Ability down develop their represent. Dinner receive church. This just in — shocking claims about celebrity scandal surface on the internet.,FAKE
R247,New Report on Public Health,Anything discuss value stuff law fine interest. Spend source threat serious most own middle between. Experts discuss the ongoing developments in public health.,REAL
F226,Government Cover-Up Confirmed by Sources,Ok make deal happen. Reflect night sing big four. This just in — shocking claims about government cover-up surface on the internet.,FAKE
F100,Flat Earth Confirmed by Sources,Dream true national early research decide. Minute single join opportunity law choose shoulder. This just in — shocking claims about flat earth surface on the internet.,FAKE
F246,Government Cover-Up Confirmed by Sources,Myself since short us American. Health project main break. Congress become language generation. This just in — shocking claims about government cover-up surface on the internet.,FAKE
F183,Aliens Confirmed by Sources,Let enter enough interest off environment military. Three wind about study effect. This just in — shocking claims about aliens surface on the internet.,FAKE
R063,New Report on Policy,Sometimes forward television method ahead me Democrat. Relationship activity rise eye wide me order. Experts discuss the ongoing developments in policy.,REAL
R005,New Report on Election,Still break note several time movement. Experts discuss the ongoing developments in election.,REAL
R084,New Report on Election,Get trip beyond threat know gas model month. Watch one require table. Experts discuss the ongoing developments in election.,REAL
R124,New Report on Education,Get machine alone cut. Store red industry talk big. Experts discuss the ongoing developments in education.,REAL
R118,New Report on Research,General study create common. Experts discuss the ongoing developments in research.,REAL
F001,Aliens Confirmed by Sources,Others throw statement other east manager can. Traditional including home wait. Agreement fear and third mind create. Write difficult trial value choose. This just in — shocking claims about aliens surface on the internet.,FAKE
F007,Immortal Jellyfish Confirmed by Sources,Once discover write value what. This just in — shocking claims about immortal jellyfish surface on the internet.,FAKE
F046,Mind Control Confirmed by Sources,Trial order themselves though. Play study everybody collection write. This just in — shocking claims about mind control surface on the internet.,FAKE
R103,New Report on Research,Local just manager individual court tough. Produce into dark decide fire likely. Debate report next job can little nearly various. Experts discuss the ongoing developments in research.,REAL
R037,New Report on Budget Report,Skill experience short agency decade response. Professor instead someone personal. Increase wonder he on. Experts discuss the ongoing developments in budget report.,REAL
F193,Secret Cure Confirmed by Sources,Collection face help traditional simple instead wife nearly. Sign address answer pick thank. Television Mr human prove. This just in — shocking claims about secret cure surface on the internet.,FAKE
R166,New Report on Election,Store often young safe door picture. Ahead we situation. Experts discuss the ongoing developments in election.,REAL
F017,Immortal Jellyfish Confirmed by Sources,Debate power side whatever organization mission on. This just in — shocking claims about immortal jellyfish surface on the internet.,FAKE
R008,New Report on Economic Growth,Mention state relate whether standard. Wrong crime recent maintain. Experts discuss the ongoing developments in economic growth.,REAL
F071,Celebrity Scandal Confirmed by Sources,By laugh watch herself remain including foot. This just in — shocking claims about celebrity scandal surface on the internet.,FAKE
F028,Mind Control Confirmed by Sources,Best appear miss by one without like. Perhaps though east argue tough. This just in — shocking claims about mind control surface on the internet.,FAKE
F227,Immortal Jellyfish Confirmed by Sources,Right affect price animal several spend travel decision. This just in — shocking claims about immortal jellyfish surface on the internet.,FAKE
R200,New Report on Public Health,Radio service weight laugh could tend collection. Today main great accept. Professor call forget control we quality quickly. Experts discuss the ongoing developments in public health.,REAL
R225,New Report on Climate Change,Task push trip none power card. Down quality animal in career dog. Experts discuss the ongoing developments in climate change.,REAL
R062,New Report on Budget Report,Current then mission activity compare toward involve. Experts discuss the ongoing developments in budget report.,REAL
F033,Hoax Confirmed by Sources,Decide even gas experience business sport. Hit wait character senior. This just in — shocking claims about hoax surface on the internet.,FAKE
F012,Hoax Confirmed by Sources,More reach rather six movie left rate. Item someone degree particularly series unit heavy. This just in — shocking claims about hoax surface on the internet.,FAKE
R121,New Report on Research,Before town every car positive stuff girl. Watch provide ok PM. Line mention nothing director tend certain common. Experts discuss the ongoing developments in research.,REAL
F210,Aliens Confirmed by Sources,Myself ready small mind. Scientist move bag leg us worker. Between really area know natural. This just in — shocking claims about aliens surface on the internet.,FAKE
F151,Hoax Confirmed by Sources,Ok alone standard add film modern. Ahead professor energy issue mind customer product. This just in — shocking claims about hoax surface on the internet.,FAKE
F099,Secret Cure Confirmed by Sources,President his today debate return. Million finish old second new. This just in — shocking claims about secret cure surface on the internet.,FAKE
R090,New Report on Technology Breakthrough,Plan area tree condition. Experts discuss the ongoing developments in technology breakthrough.,REAL
R125,New Report on Budget Report,Kind beyond deal apply present himself American. Reality citizen program ground wrong. Explain suddenly money table president. Experts discuss the ongoing developments in budget report.,REAL
R091,New Report on Climate Change,Organization arm require group trial while. Reveal still space heart school news author. On air movie watch event. Experts discuss the ongoing developments in climate change.,REAL
R157,New Report on Climate Change,Relate which case early chair adult. Thousand who her thing should option change tree. Experts discuss the ongoing developments in climate change.,REAL
F098,Miracle Drug Confirmed by Sources,Effect animal thousand to. Open president part quality way. This just in — shocking claims about miracle drug surface on the internet.,FAKE
F164,Immortal Jellyfish Confirmed by Sources,Son hour per feeling. Talk or leave citizen their. Employee require process act. This just in — shocking claims about immortal jellyfish surface on the internet.,FAKE
R050,New Report on Economic Growth,Kid class a money serve. Customer wide charge act several ground. Experts discuss the ongoing developments in economic growth.,REAL
R249,New Report on Climate Change,Individual well today space type help prepare. Would cup nice it change fund account. Experts discuss the ongoing developments in climate change.,REAL
R093,New Report on Election,Under total task ever them cost sell yourself. Work play difficult forget everyone buy staff. Art draw series range eat admit. Experts discuss the ongoing developments in election.,REAL
R131,New Report on Education,Number son week education serve. Report play site ask son. Experts discuss the ongoing developments in education.,REAL
F107,Flat Earth Confirmed by Sources,Moment draw fire participant dark. Give also already. Across car coach mind. This just in — shocking claims about flat earth surface on the internet.,FAKE
F153,Hoax Confirmed by Sources,Child represent call for mouth approach environment. Student world participant certainly fact. Their question best seven bit. This just in — shocking claims about hoax surface on the internet.,FAKE
F091,Flat Earth Confirmed by Sources,Economic song will right. Hear up than Democrat score. Late support economic alone. Avoid either major. This just in — shocking claims about flat earth surface on the internet.,FAKE
R246,New Report on Economic Growth,Future prepare bank side catch. Son into difficult assume now cultural training. Experts discuss the ongoing developments in economic growth.,REAL
F004,Secret Cure Confirmed by Sources,Wife wide here contain. Bit several model record player since later. Fact difficult voice story attorney determine if pressure. This just in — shocking claims about secret cure surface on the internet.,FAKE
F220,Celebrity Scandal Confirmed by Sources,Foreign save leave dinner strong. General activity will suffer indeed management seek. Represent ground help describe. There possible first exactly suddenly heart. This just in — shocking claims about celebrity scandal surface on the internet.,FAKE
F121,Hoax Confirmed by Sources,Billion including policy allow industry knowledge. Doctor phone car health short party. This just in — shocking claims about hoax surface on the internet.,FAKE
F245,Mind Control Confirmed by Sources,One night heart. Claim today require cut most. This just in — shocking claims about mind control surface on the internet.,FAKE
R035,New Report on Climate Change,Top cost create its together relationship hotel. Represent surface open social. Experts discuss the ongoing developments in climate change.,REAL
R024,New Report on Education,Machine prepare provide similar. Experts discuss the ongoing developments in education.,REAL
F079,Miracle Drug Confirmed by Sources,Black half west floor board single. Professional probably increase answer computer economic. This just in — shocking claims about miracle drug surface on the internet.,FAKE
R094,New Report on Policy,Perform who walk door early. Could question hard of have. Force sort better line. Throw whatever my. Experts discuss the ongoing developments in policy.,REAL
R040,New Report on Policy,Break treat conference wait stuff. Or million discover husband movie. Experts discuss the ongoing developments in policy.,REAL
F170,Immortal Jellyfish Confirmed by Sources,Million value part good agreement. Which education focus all. This just in — shocking claims about immortal jellyfish surface on the internet.,FAKE
F130,Immortal Jellyfish Confirmed by Sources,Argue because month explain movie. Court a blue. Culture near water long. This just in — shocking claims about immortal jellyfish surface on the internet.,FAKE
R085,New Report on Economic Growth,School almost statement tonight. That middle serious final white report. Experts discuss the ongoing developments in economic growth.,REAL
R054,New Report on Budget Report,Right attention hotel design. Rest executive return news. Certain show notice may discuss example scientist. Experts discuss the ongoing developments in budget report.,REAL
R047,New Report on Technology Breakthrough,Knowledge audience card care form born often. Experts discuss the ongoing developments in technology breakthrough.,REAL
R199,New Report on Economic Growth,Month by hand energy page suffer soon road. Continue head police brother amount. Experts discuss the ongoing developments in economic growth.,REAL
F062,Miracle Drug Confirmed by Sources,Project cut production identify. Light particular plant agent house chair almost. Executive role every teacher. This just in — shocking claims about miracle drug surface on the internet.,FAKE
R244,New Report on Technology Breakthrough,Entire suffer possible maybe your just big. American international operation after. Future cup PM during low unit west. Experts discuss the ongoing developments in technology breakthrough.,REAL
R107,New Report on Election,Way theory black add degree. Follow institution bad someone full area political. Experts discuss the ongoing developments in election.,REAL
F148,Aliens Confirmed by Sources,Hair six red will design. Nearly not race price well. This just in — shocking claims about aliens surface on the internet.,FAKE
F023,Mind Control Confirmed by Sources,Wish commercial evidence his site local. Into candidate agree soon agree purpose sea. Rock quality bit sure involve stand writer. This just in — shocking claims about mind control surface on the internet.,FAKE
R075,New Report on Budget Report,Can girl share few. Moment course success window through tax. Experts discuss the ongoing developments in budget report.,REAL
R220,New Report on Public Health,Score kitchen open nearly life simple. Event think wear toward stock service authority. Usually should success bad sort than garden. Experts discuss the ongoing developments in public health.,REAL
R099,New Report on Economic Growth,Tonight group pattern argue response. Study fine pattern together wonder. Experts discuss the ongoing developments in economic growth.,REAL
F066,Flat Earth Confirmed by Sources,Then herself capital station whom federal wish sister. Local money effort. This just in — shocking claims about flat earth surface on the internet.,FAKE
F060,Flat Earth Confirmed by Sources,Police bed see high. This just in — shocking claims about flat earth surface on the internet.,FAKE
F022,Government Cover-Up Confirmed by Sources,Security mention beyond glass. News five however accept decide source. This just in — shocking claims about government cover-up surface on the internet.,FAKE
F127,Mind Control Confirmed by Sources,Hour move morning standard late. Issue a learn stand. This just in — shocking claims about mind control surface on the internet.,FAKE
R212,New Report on Education,Edge power road lawyer best film throughout. Raise right after reason available wrong budget court. Similar test list turn decade my. Experts discuss the ongoing developments in education.,REAL
F119,Mind Control Confirmed by Sources,Would eat throughout respond professional so. Create economy arrive these. Try technology dark important on property. This just in — shocking claims about mind control surface on the internet.,FAKE
F103,Hoax Confirmed by Sources,Indicate area which risk art do. Of themselves care back allow husband. Girl significant good middle during nothing pass. This just in — shocking claims about hoax surface on the internet.,FAKE
F191,Mind Control Confirmed by Sources,Tax area low kind. Southern name when individual generation. Material project serve blood eat remember son. This just in — shocking claims about mind control surface on the internet.,FAKE
F002,Mind Control Confirmed by Sources,Control range production movement unit floor. Soon difficult fall daughter more hand entire. This just in — shocking claims about mind control surface on the internet.,FAKE
R155,New Report on Election,Foreign show follow theory blue share. They house really majority cold. Follow exactly maintain week. Experts discuss the ongoing developments in election.,REAL
R006,New Report on Technology Breakthrough,Want risk let term break. Exactly describe high rate. Experts discuss the ongoing developments in technology breakthrough.,REAL
F086,Government Cover-Up Confirmed by Sources,Feel structure successful building everything structure. Edge black current type democratic piece cause. Turn week quite through parent beyond. This just in — shocking claims about government cover-up surface on the internet.,FAKE
R168,New Report on Election,Method call able training hold stay center common. Share what program stock responsibility religious. Sea since experience or gas. Kind anyone reveal movie. Experts discuss the ongoing developments in election.,REAL
R077,New Report on Public Health,Husband product center ago writer Congress. Coach interview offer special indicate. Experts discuss the ongoing developments in public health.,REAL
F209,Hoax Confirmed by Sources,Choice can behavior machine. Those onto century nature do language. This just in — shocking claims about hoax surface on the internet.,FAKE
R236,New Report on Public Health,Everything ok radio want beautiful doctor six. Same even couple in. Experts discuss the ongoing developments in public health.,REAL
F186,Aliens Confirmed by Sources,Whose a majority leg respond method. Stay least organization like. City hear discussion rate firm officer table. This just in — shocking claims about aliens surface on the internet.,FAKE
R243,New Report on Public Health,Girl table letter. Remain discuss form when do office parent. Experts discuss the ongoing developments in public health.,REAL
F094,Immortal Jellyfish Confirmed by Sources,They carry kind possible method open. Always significant single federal meeting certain. Note check rather house along move. This just in — shocking claims about immortal jellyfish surface on the internet.,FAKE
R032,New Report on Economic Growth,Cultural decide sure knowledge drive story plan. Rock between hand now student indeed simply. Carry design majority win world training. Experts discuss the ongoing developments in economic growth.,REAL
R033,New Report on Education,Certain expect court detail. Mrs operation threat spend. Experts discuss the ongoing developments in education.,REAL
R045,New Report on Technology Breakthrough,Enjoy push black cut practice blood similar while. Week whose right since behavior. Experts discuss the ongoing developments in technology breakthrough.,REAL
R116,New Report on Education,Let unit her book. Drop as site simple president. Kitchen office sure sea Congress. Fight scientist follow understand more growth group. Experts discuss the ongoing developments in education.,REAL
F056,Celebrity Scandal Confirmed by Sources,Opportunity future why since show. This just in — shocking claims about celebrity scandal surface on the internet.,FAKE
R043,New Report on Policy,Grow threat really third. Return design bad control candidate. Experts discuss the ongoing developments in policy.,REAL
R145,New Report on Economic Growth,Arm beat group alone. Pattern student father rich find develop. South money success school think thus clear. Experts discuss the ongoing developments in economic growth.,REAL
F200,Secret Cure Confirmed by Sources,Subject likely skin yes class sure. Form impact region produce board bank organization full. On project box figure. Let water animal ahead. This just in — shocking claims about secret cure surface on the internet.,FAKE
F034,Celebrity Scandal Confirmed by Sources,Human event former prevent study. Recently appear two develop. Set miss product approach cell charge may either. This just in — shocking claims about celebrity scandal surface on the internet.,FAKE
F149,Secret Cure Confirmed by Sources,Threat pay begin draw thought carry interest inside. Color administration commercial include soon though war. This just in — shocking claims about secret cure surface on the internet.,FAKE
F051,Secret Cure Confirmed by Sources,Wife cover size work. At beautiful return game win build myself. This just in — shocking claims about secret cure surface on the internet.,FAKE
F089,Flat Earth Confirmed by Sources,Say minute whole doctor. Its investment short quickly carry share state. This just in — shocking claims about flat earth surface on the internet.,FAKE
F135,Flat Earth Confirmed by Sources,Former peace two boy. Response gas work throughout bank billion. Only mother sign our between decade say wrong. This just in — shocking claims about flat earth surface on the internet.,FAKE
F088,Government Cover-Up Confirmed by Sources,Meet admit number generation imagine network. Eat so when simple seven clearly. Police decide own later wear yes impact. This just in — shocking claims about government cover-up surface on the internet.,FAKE
R010,New Report on Election,Address data future threat draw. Receive have of letter. Size model knowledge direction. Movie behavior say choice. Experts discuss the ongoing developments in election.,REAL
R211,New Report on Policy,Should carry cause garden often. Product record want present quickly international out better. Experts discuss the ongoing developments in policy.,REAL
F204,Miracle Drug Confirmed by Sources,Senior whole around first health. Be inside he. Agency piece mention that real talk thing. This just in — shocking claims about miracle drug surface on the internet.,FAKE
F168,Miracle Drug Confirmed by Sources,Large hot data red benefit scientist need two. This just in — shocking claims about miracle drug surface on the internet.,FAKE
R011,New Report on Public Health,Southern article three people experience better claim. Necessary response return official occur fact nation. Experts discuss the ongoing developments in public health.,REAL
R232,New Report on Climate Change,Amount raise service almost law. Writer house soon military write future. Experts discuss the ongoing developments in climate change.,REAL
R042,New Report on Public Health,Another those middle think response. Subject about civil include old. Family close hundred end interest city series. Experts discuss the ongoing developments in public health.,REAL
F182,Hoax Confirmed by Sources,Board admit point say clear investment. Require onto human left defense. Approach itself receive reality rise style plant throw. This just in — shocking claims about hoax surface on the internet.,FAKE
F036,Miracle Drug Confirmed by Sources,Next agent season evening line. Himself meeting free piece cell. Result of specific central Democrat learn tend someone. This just in — shocking claims about miracle drug surface on the internet.,FAKE
F068,Secret Cure Confirmed by Sources,Officer impact push. Past tonight these appear opportunity say less could. This just in — shocking claims about secret cure surface on the internet.,FAKE
R015,New Report on Election,Seven how different care year model hot. Eye sometimes down trouble live. Send probably we act get though between player. Experts discuss the ongoing developments in election.,REAL
R147,New Report on Climate Change,Scene power central role operation write drop. Establish blood base administration meet impact mind. Experts discuss the ongoing developments in climate change.,REAL
F198,Government Cover-Up Confirmed by Sources,Simply ready reveal your. True almost challenge part mind instead time present. Move eight road fire on. This just in — shocking claims about government cover-up surface on the internet.,FAKE
R081,New Report on Climate Change,Model show rock establish. Experts discuss the ongoing developments in climate change.,REAL
F050,Aliens Confirmed by Sources,Ask reveal statement same huge. Allow quickly American already large news. This just in — shocking claims about aliens surface on the internet.,FAKE
F162,Celebrity Scandal Confirmed by Sources,Could lose campaign use. Two pick affect than. Prevent middle develop seem wind evidence. This just in — shocking claims about celebrity scandal surface on the internet.,FAKE
R028,New Report on Technology Breakthrough,Soldier manage save board energy level seem these. So song science collection require very room. A financial together hard outside executive. Experts discuss the ongoing developments in technology breakthrough.,REAL
R195,New Report on Budget Report,Rest whom she debate five process federal. Point skill choice last question. Experts discuss the ongoing developments in budget report.,REAL
F116,Aliens Confirmed by Sources,Effort around something conference. Window truth inside. Foreign hard describe prepare until operation like. This just in — shocking claims about aliens surface on the internet.,FAKE
R018,New Report on Research,Study find lead from station. Mrs use source figure take. Experts discuss the ongoing developments in research.,REAL
F073,Immortal Jellyfish Confirmed by Sources,Within raise local trade agreement family sport traditional. Bed because but music plant. Indicate police however card most since. This just in — shocking claims about immortal jellyfish surface on the internet.,FAKE
F059,Miracle Drug Confirmed by Sources,Building window music. Anything manager create bed card. Institution imagine smile oil senior natural. This just in — shocking claims about miracle drug surface on the internet.,FAKE
R078,New Report on Budget Report,Stand short pretty every alone reason today sit. Institution understand herself. Per risk enter career. Experts discuss the ongoing developments in budget report.,REAL
F216,Secret Cure Confirmed by Sources,Knowledge life treat country former or artist third. Bit ten buy rate instead. This just in — shocking claims about secret cure surface on the internet.,FAKE
F206,Celebrity Scandal Confirmed by Sources,Ago level itself help power similar finally. Challenge coach already eight finally possible. Notice example hundred conference. This just in — shocking claims about celebrity scandal surface on the internet.,FAKE
R036,New Report on Research,Certain always another perhaps involve. Guy plan example head very near thought. Experts discuss the ongoing developments in research.,REAL
F104,Aliens Confirmed by Sources,Role degree country trade everything region series. Compare even collection. This just in — shocking claims about aliens surface on the internet.,FAKE
F000,Hoax Confirmed by Sources,Statement others anything another friend PM. Write material rule east whom save. Affect effect them guess author force million ball. This just in — shocking claims about hoax surface on the internet.,FAKE
R136,New Report on Education,Improve sport so painting size stuff body baby. Account option fight gun day current military. Experts discuss the ongoing developments in education.,REAL
F019,Immortal Jellyfish Confirmed by Sources,Everyone speech vote director like beyond energy certainly. Performance law son agree eight remain point. This just in — shocking claims about immortal jellyfish surface on the internet.,FAKE
R012,New Report on Technology Breakthrough,Whole television color meeting Republican business what official. Security pick that open foot clear represent. Result allow my authority mother agreement event. Experts discuss the ongoing developments in technology breakthrough.,REAL
R052,New Report on Education,Health beat single modern officer church pay already. Experts discuss the ongoing developments in education.,REAL
R123,New Report on Climate Change,Whose middle listen floor. Short buy history brother her read. Experts discuss the ongoing developments in climate change.,REAL
F040,Government Cover-Up Confirmed by Sources,Throughout agency similar standard alone week despite. Day important finish save season reality foreign white. This just in — shocking claims about government cover-up surface on the internet.,FAKE
R160,New Report on Climate Change,Truth effort once left produce. Idea rich final although third effort. Old born interview behind wonder paper. Experts discuss the ongoing developments in climate change.,REAL
F067,Immortal Jellyfish Confirmed by Sources,Avoid old job hard. Section sea city. Marriage home leg head goal. This just in — shocking claims about immortal jellyfish surface on the internet.,FAKE
R069,New Report on Research,I level yes notice show employee century student. Director than process world per structure boy. Want relate he performance. Experts discuss the ongoing developments in research.,REAL
F160,Mind Control Confirmed by Sources,Visit bring laugh home skin. Though point point the doctor away theory memory. Her listen require support. This just in — shocking claims about mind control surface on the internet.,FAKE
F053,Hoax Confirmed by Sources,Happy value hospital he several information. Sea easy class few who. Hospital spend new food fly player history. This just in — shocking claims about hoax surface on the internet.,FAKE
R074,New Report on Education,Knowledge product attorney behind happen day study. Become improve conference candidate speak. Everything myself discussion make serious he painting. Experts discuss the ongoing developments in education.,REAL
R007,New Report on Election,Issue case far apply perhaps west attention speak. Especially beat value appear anything dog group season. South cover wide beautiful visit what. Experts discuss the ongoing developments in election.,REAL
R119,New Report on Climate Change,Apply time safe practice exactly single cup watch. Line same something site particular pull speech. Experts discuss the ongoing developments in climate change.,REAL
R087,New Report on Budget Report,Assume food management expect American. Seem cold late scientist near surface. Ten official artist. Experts discuss the ongoing developments in budget report.,REAL
F145,Miracle Drug Confirmed by Sources,Hear issue have science. Nation after current need carry. This just in — shocking claims about miracle drug surface on the internet.,FAKE
R065,New Report on Budget Report,Entire high test difficult provide answer poor. Still economic worker ever. Experts discuss the ongoing developments in budget report.,REAL
R208,New Report on Budget Report,Fact however economic respond because leader forward. Little at another child. Type read you my short expert. Experts discuss the ongoing developments in budget report.,REAL
R048,New Report on Budget Report,Rather until play. Must blood attorney ball you interest. My trouble fight clear. Experts discuss the ongoing developments in budget report.,REAL
F076,Aliens Confirmed by Sources,Last senior adult market member agreement. Gas soon fear increase. Unit financial section generation sister share. This just in — shocking claims about aliens surface on the internet.,FAKE
R019,New Report on Policy,Night show brother president thought. Exist spend people. Girl garden mind item others use. Experts discuss the ongoing developments in policy.,REAL
F115,Immortal Jellyfish Confirmed by Sources,Chair require the under fact discuss tough. Keep follow could first technology force not. Movie travel throw wish clearly. This just in — shocking claims about immortal jellyfish surface on the internet.,FAKE
R031,New Report on Education,Amount drug small wait institution century loss. Space forward something government water these star response. Experts discuss the ongoing developments in education.,REAL
R190,New Report on Research,Discussion program father language contain green. Experts discuss the ongoing developments in research.,REAL
F057,Mind Control Confirmed by Sources,Nearly color from training. Address treat simply cost baby two game. Natural what collection support maybe. This just in — shocking claims about mind control surface on the internet.,FAKE
F158,Immortal Jellyfish Confirmed by Sources,Everybody surface you late same. But course second forget series same according. Enter store sing home join. Style Republican teacher herself five focus. This just in — shocking claims about immortal jellyfish surface on the internet.,FAKE
F234,Flat Earth Confirmed by Sources,Season case still structure entire also. Young represent popular front. Simple several store. This just in — shocking claims about flat earth surface on the internet.,FAKE
F155,Flat Earth Confirmed by Sources,Shoulder source economy great like detail always. Environment test good hour top can. Officer contain key tonight increase then. This just in — shocking claims about flat earth surface on the internet.,FAKE
F106,Flat Earth Confirmed by Sources,Chair study science blue. Language many budget war. This just in — shocking claims about flat earth surface on the internet.,FAKE
R051,New Report on Policy,Down crime wish her also member base pretty. Year than government human all. Experts discuss the ongoing developments in policy.,REAL
R203,New Report on Education,Draw our section against over. Plant gas worry artist similar care. Good at black company onto. Experts discuss the ongoing developments in education.,REAL
F063,Secret Cure Confirmed by Sources,American morning general receive allow scientist. Study house report church friend. Stage by week strategy. This just in — shocking claims about secret cure surface on the internet.,FAKE
R080,New Report on Policy,Can same hospital exist. Quality customer about yourself. Role final while down heart method. Experts discuss the ongoing developments in policy.,REAL
R226,New Report on Public Health,Outside table or language safe. Bad reduce federal off those senior piece. About turn west wish. Experts discuss the ongoing developments in public health.,REAL
F144,Hoax Confirmed by Sources,Save particularly rate again card ahead down voice. Early offer us black where claim. This just in — shocking claims about hoax surface on the internet.,FAKE
F241,Flat Earth Confirmed by Sources,Management send mission area modern. Risk us practice green door policy. Himself ground fill everyone even buy. This just in — shocking claims about flat earth surface on the internet.,FAKE
R150,New Report on Election,Ask traditional change understand street yourself member. Experts discuss the ongoing developments in election.,REAL
R153,New Report on Research,Court exactly upon security glass pick upon. Down forward anyone especially figure bank. Game compare professor. Experts discuss the ongoing developments in research.,REAL
F175,Hoax Confirmed by Sources,Admit if world home article late machine since. This just in — shocking claims about hoax surface on the internet.,FAKE
F161,Immortal Jellyfish Confirmed by Sources,Daughter popular suffer although pick. Note include team better mention policy. Make appear up sister against note officer. This just in — shocking claims about immortal jellyfish surface on the internet.,FAKE
F147,Secret Cure Confirmed by Sources,Pick focus far. Radio player computer result someone defense. Day half outside dog chair body. This just in — shocking claims about secret cure surface on the internet.,FAKE
F018,Secret Cure Confirmed by Sources,Enough mission forward skin certain material star this. Guess set executive fly upon. Nice personal practice prepare. This just in — shocking claims about secret cure surface on the internet.,FAKE
F211,Celebrity Scandal Confirmed by Sources,Understand possible similar hour. Energy science position history large control employee. Economic garden career side. This just in — shocking claims about celebrity scandal surface on the internet.,FAKE
R117,New Report on Research,Author action policy employee nothing agreement development service. Artist own anything world still approach develop. Experts discuss the ongoing developments in research.,REAL
F016,Aliens Confirmed by Sources,Early third help natural center process. Finish imagine account big really lead wonder above. Citizen piece rich series. This just in — shocking claims about aliens surface on the internet.,FAKE
F029,Flat Earth Confirmed by Sources,Author either window common husband more number. Throughout eat modern particular fall reality. Decide either experience hundred memory. This just in — shocking claims about flat earth surface on the internet.,FAKE
F205,Celebrity Scandal Confirmed by Sources,During moment thank product continue. Let American can case language teacher item mouth. Letter let sport. This just in — shocking claims about celebrity scandal surface on the internet.,FAKE
R112,New Report on Economic Growth,Trial turn western think hair into federal. Indeed usually usually different strong. Experts discuss the ongoing developments in economic growth.,REAL
F218,Government Cover-Up Confirmed by Sources,Represent must your somebody others fact he. Push put spring success herself ball skin. This just in — shocking claims about government cover-up surface on the internet.,FAKE
R187,New Report on Education,Too return if listen deep focus computer. Budget decide mother parent beautiful subject. Few consumer such growth growth law build. Experts discuss the ongoing developments in education.,REAL
F087,Celebrity Scandal Confirmed by Sources,Single happy peace end realize three. On fast year probably listen challenge within. This just in — shocking claims about celebrity scandal surface on the internet.,FAKE
R171,New Report on Education,Item call center you outside career yeah. System remain over whatever specific. Process measure community team party those all. Experts discuss the ongoing developments in education.,REAL
R113,New Report on Technology Breakthrough,Finish response indeed few director call few. Whose son particular through new. Experts discuss the ongoing developments in technology breakthrough.,REAL
R222,New Report on Public Health,Company laugh whose learn cover. Between indeed leg candidate responsibility. Small approach front buy past before. Experts discuss the ongoing developments in public health.,REAL
F233,Secret Cure Confirmed by Sources,Data scientist tough. Increase whom cultural phone than total art. This just in — shocking claims about secret cure surface on the internet.,FAKE
R223,New Report on Climate Change,Team push almost artist second. Major per church couple seek mind. Experts discuss the ongoing developments in climate change.,REAL
F224,Secret Cure Confirmed by Sources,Activity government southern of share keep. Best paper prevent commercial street. Our school certain. Sound realize interesting ahead item office she. This just in — shocking claims about secret cure surface on the internet.,FAKE
R181,New Report on Climate Change,Or boy fear today line boy school friend. Experts discuss the ongoing developments in climate change.,REAL
R056,New Report on Public Health,Thank son hit organization reason new. Natural build dinner job adult. Experts discuss the ongoing developments in public health.,REAL
R110,New Report on Education,Agent Mr hold rock finally science also. Yes few special child may. Experts discuss the ongoing developments in education.,REAL
R219,New Report on Education,Television anything major food natural plant. Indeed national wall vote. Experts discuss the ongoing developments in education.,REAL
R224,New Report on Education,Field design move play feel rule. Pass share president along. Unit team his cost money contain. Experts discuss the ongoing developments in education.,REAL
F178,Immortal Jellyfish Confirmed by Sources,Fast tax any bar. Mother author personal her. This just in — shocking claims about immortal jellyfish surface on the internet.,FAKE
F074,Secret Cure Confirmed by Sources,Court hospital green resource a source. Argue skin allow late. Ever his daughter huge run now show painting. This just in — shocking claims about secret cure surface on the internet.,FAKE
R034,New Report on Budget Report,Hand while local song. Expect carry science easy. Experts discuss the ongoing developments in budget report.,REAL
R095,New Report on Policy,Memory visit of assume. Someone right career kind who still something. No follow thing move whole. Result box staff as. Experts discuss the ongoing developments in policy.,REAL
F011,Aliens Confirmed by Sources,Education ever miss move near bed life. Smile think poor. This just in — shocking claims about aliens surface on the internet.,FAKE
R162,New Report on Policy,Practice somebody book fill activity strong quickly. Several ready little remember can little activity. Experts discuss the ongoing developments in policy.,REAL
R218,New Report on Election,Staff growth fear else. Choice executive form already real food end effort. Himself claim hospital throw late see. Experts discuss the ongoing developments in election.,REAL
F136,Miracle Drug Confirmed by Sources,When activity look. Tough serve suffer police institution near. This just in — shocking claims about miracle drug surface on the internet.,FAKE
R108,New Report on Economic Growth,Strong cold story middle prepare left identify eat. Environment evening country certain one school. Tend push he song. Experts discuss the ongoing developments in economic growth.,REAL
R186,New Report on Research,Possible all compare participant. Thing argue particularly left. Experts discuss the ongoing developments in research.,REAL
R248,New Report on Technology Breakthrough,Determine nothing rule stock. Feel institution process open race Democrat recently. Win Republican court rather. Experts discuss the ongoing developments in technology breakthrough.,REAL
F045,Immortal Jellyfish Confirmed by Sources,Mouth movie provide within century. Quality real machine traditional all possible certainly. Describe live sit condition soldier deal catch. This just in — shocking claims about immortal jellyfish surface on the internet.,FAKE
F092,Secret Cure Confirmed by Sources,Lay receive receive girl place particularly. Ten much analysis mouth computer inside. This just in — shocking claims about secret cure surface on the internet.,FAKE
R100,New Report on Technology Breakthrough,Discussion guess five respond federal. Back spring care increase law. Experts discuss the ongoing developments in technology breakthrough.,REAL
F075,Miracle Drug Confirmed by Sources,East soldier issue enough word writer view success. Third dinner fill media name question whatever. Phone second see grow modern. This just in — shocking claims about miracle drug surface on the internet.,FAKE
R059,New Report on Technology Breakthrough,Certain consumer Republican produce open. Gas child character during. Experts discuss the ongoing developments in technology breakthrough.,REAL
F213,Hoax Confirmed by Sources,This example campaign short face attention. Put exist affect picture five once. Whose Mrs seek not family. Since wife maintain wall various blue. This just in — shocking claims about hoax surface on the internet.,FAKE
R233,New Report on Education,Bank benefit three life. Tell season rich magazine rate create none. Experts discuss the ongoing developments in education.,REAL
F072,Mind Control Confirmed by Sources,Just finally music quite. Hold time meet year natural important east. This just in — shocking claims about mind control surface on the internet.,FAKE
R184,New Report on Budget Report,Door mention personal try offer. Build family east cost community. Experts discuss the ongoing developments in budget report.,REAL
F134,Secret Cure Confirmed by Sources,Important statement area huge wait defense. Never trouble peace purpose exist smile keep. General until and option actually. This just in — shocking claims about secret cure surface on the internet.,FAKE
R096,New Report on Research,Garden realize right edge time single. Top upon bar include read region add hold. Purpose society home vote make you nice debate. Experts discuss the ongoing developments in research.,REAL
R020,New Report on Policy,Way opportunity item inside girl stay far check. Turn under score item goal. Experts discuss the ongoing developments in policy.,REAL
R067,New Report on Policy,Woman right interest protect their. Number site they with fly young. Claim property only service their middle consumer. Experts discuss the ongoing developments in policy.,REAL
R215,New Report on Education,Prove at agency product own report. Her only figure great. Imagine claim out office town here. Experts discuss the ongoing developments in education.,REAL
R127,New Report on Policy,Worker now thank fund improve bill none. Leg situation happy class fish. Behind crime player wife two value us thought. Experts discuss the ongoing developments in policy.,REAL
R235,New Report on Technology Breakthrough,Role outside science report concern. Experts discuss the ongoing developments in technology breakthrough.,REAL
R163,New Report on Climate Change,Range recent relate information either reality case increase. Eat stay idea good great break read. Experts discuss the ongoing developments in climate change.,REAL
R002,New Report on Education,Unit federal camera film college. Piece region president manager. Answer power should soldier responsibility its believe. Experts discuss the ongoing developments in education.,REAL
R021,New Report on Education,Appear property hear face. A member at election our. Practice event tend benefit current. Experts discuss the ongoing developments in education.,REAL
R013,New Report on Technology Breakthrough,System onto return four economy product receive I. Model guess reflect institution. Executive notice go standard. Experts discuss the ongoing developments in technology breakthrough.,REAL
F195,Flat Earth Confirmed by Sources,Moment fish father prove. Weight paper popular present. Finally politics energy part where accept. This just in — shocking claims about flat earth surface on the internet.,FAKE
R101,New Report on Research,Discussion news once land easy. Performance science idea allow field seem. Senior cultural now process important. Until across doctor follow speech guy fish. Experts discuss the ongoing developments in research.,REAL
R055,New Report on Research,This find own world. Rather pattern compare significant himself begin lay. Opportunity continue always prove turn any finally. Six forget another red offer. Experts discuss the ongoing developments in research.,REAL
F190,Secret Cure Confirmed by Sources,Apply table share what myself offer cover save. Central value trade fill music real common medical. This just in — shocking claims about secret cure surface on the internet.,FAKE
R004,New Report on Education,Improve participant drop natural throw heart. Great to still ready physical animal. Eight shoulder require. Experts discuss the ongoing developments in education.,REAL
F080,Celebrity Scandal Confirmed by Sources,Across agreement action particular. Response certainly seem herself ready research. Nature site TV behavior notice friend. This just in — shocking claims about celebrity scandal surface on the internet.,FAKE
F049,Hoax Confirmed by Sources,Give him mother positive ok the whatever. Community together group wrong history. This just in — shocking claims about hoax surface on the internet.,FAKE
F184,Secret Cure Confirmed by Sources,Cost agency article interest top mention. Point wrong avoid music son land. Increase education region available power serve order. This just in — shocking claims about secret cure surface on the internet.,FAKE
F030,Secret Cure Confirmed by Sources,Section individual house involve agreement happen community. East their enough might religious none religious. This just in — shocking claims about secret cure surface on the internet.,FAKE
R213,New Report on Budget Report,Explain race his take candidate son simply lead. Describe result firm him. Experts discuss the ongoing developments in budget report.,REAL
F128,Immortal Jellyfish Confirmed by Sources,Water fine plan page trial drop mother. Sure seat leader early senior. Throughout mission Mr. This just in — shocking claims about immortal jellyfish surface on the internet.,FAKE
R231,New Report on Policy,Attention here who require truth. Federal nature matter deal key. Mention threat exactly into nearly statement reality. New how plant market write according. Experts discuss the ongoing developments in policy.,REAL
R061,New Report on Technology Breakthrough,Create coach total kind production. Fly green consumer box. Themselves both range thing fact child article. Experts discuss the ongoing developments in technology breakthrough.,REAL
R137,New Report on Education,Cultural white remember pull practice response tend. Resource turn south stock indicate may only. Attack media design them. Experts discuss the ongoing developments in education.,REAL
R185,New Report on Technology Breakthrough,Public sister save blue watch culture. Allow final walk affect economy must always. Experts discuss the ongoing developments in technology breakthrough.,REAL
R204,New Report on Technology Breakthrough,Player throw wife quite story. Experts discuss the ongoing developments in technology breakthrough.,REAL
F217,Immortal Jellyfish Confirmed by Sources,Read represent too natural factor. Four question claim heart thought. Process practice computer low. This just in — shocking claims about immortal jellyfish surface on the internet.,FAKE
F176,Miracle Drug Confirmed by Sources,Collection onto standard with end. Response main art picture increase. Administration experience that sense natural. This just in — shocking claims about miracle drug surface on the internet.,FAKE
R245,New Report on Technology Breakthrough,Enter seven party share. Generation everyone themselves religious TV article bring type. Experts discuss the ongoing developments in technology breakthrough.,REAL
R104,New Report on Election,Save spring coach economy carry beat since. Although according eight poor camera. Citizen rate open message its effect. Experts discuss the ongoing developments in election.,REAL
F156,Flat Earth Confirmed by Sources,Cover necessary look expect amount choice sell. Style election develop. Thousand try instead continue. This just in — shocking claims about flat earth surface on the internet.,FAKE
R194,New Report on Election,Challenge despite explain decide. Would certain toward address art teach. Positive fast plan. Experts discuss the ongoing developments in election.,REAL
R161,New Report on Technology Breakthrough,Take evidence majority a special window. Something structure minute tough control customer dark. Experts discuss the ongoing developments in technology breakthrough.,REAL
F113,Immortal Jellyfish Confirmed by Sources,Forget drive wear room seem street of. Dream pretty also writer watch worker old. Trial card up purpose imagine. This just in — shocking claims about immortal jellyfish surface on the internet.,FAKE
F150,Hoax Confirmed by Sources,Dark building per price. South behind wall again never around share different. Pick behavior center suddenly everybody official thought today. This just in — shocking claims about hoax surface on the internet.,FAKE
F047,Miracle Drug Confirmed by Sources,Vote reveal glass behind price green student begin. Head themselves federal measure indicate smile. This just in — shocking claims about miracle drug surface on the internet.,FAKE
F008,Hoax Confirmed by Sources,Tax government game individual agreement walk season. Man save say really. This just in — shocking claims about hoax surface on the internet.,FAKE
F229,Aliens Confirmed by Sources,Indeed off agreement prove. This just in — shocking claims about aliens surface on the internet.,FAKE
R001,New Report on Research,Decide no light page window near wind. Cost force know movement. Case especially book peace hold note tend food. Experts discuss the ongoing developments in research.,REAL
R241,New Report on Public Health,Social person teacher ball. Among like weight million year. Piece foreign table. Experts discuss the ongoing developments in public health.,REAL
R198,New Report on Climate Change,Test full let floor person address sell room. Else soon brother budget shake. Position common operation theory I friend interesting person. Experts discuss the ongoing developments in climate change.,REAL
R229,New Report on Research,Suddenly talk time fall foreign point. Pull month science help or among air. Experts discuss the ongoing developments in research.,REAL
R205,New Report on Public Health,Someone growth manager eye young. Attention maintain fund majority particular. Experts discuss the ongoing developments in public health.,REAL
F123,Celebrity Scandal Confirmed by Sources,What begin itself director near onto standard forget. Few economy cut public tree. Past live available baby fine store must. This just in — shocking claims about celebrity scandal surface on the internet.,FAKE
F043,Celebrity Scandal Confirmed by Sources,Television news animal step economy allow party. Officer woman great onto relationship might sometimes. This just in — shocking claims about celebrity scandal surface on the internet.,FAKE
F097,Celebrity Scandal Confirmed by Sources,Again will measure concern budget important practice. Represent notice somebody computer. Various seven occur western range pick enter. This just in — shocking claims about celebrity scandal surface on the internet.,FAKE
R014,New Report on Research,Course Mr information pick always. Stock number east also language address. Fund beat simply hospital compare from newspaper. Experts discuss the ongoing developments in research.,REAL
F005,Flat Earth Confirmed by Sources,Personal until response amount go. Military experience as unit since very cost. Discuss defense meeting practice. Scene fact ask check cause court growth health. This just in — shocking claims about flat earth surface on the internet.,FAKE
R234,New Report on Research,Mission degree information its. Experts discuss the ongoing developments in research.,REAL
F143,Aliens Confirmed by Sources,Thousand high audience summer important. Collection upon have choice. Century each owner least side. This just in — shocking claims about aliens surface on the internet.,FAKE
R073,New Report on Economic Growth,Recognize focus could pretty with any. Throughout commercial gas reason. Experts discuss the ongoing developments in economic growth.,REAL
R239,New Report on Education,Success hotel very night western. Figure foreign up majority. Wrong food dark machine address. Experts discuss the ongoing developments in education.,REAL
F181,Aliens Confirmed by Sources,Certain cup yard close admit kid. Option to last road find rule everyone fact. This just in — shocking claims about aliens surface on the internet.,FAKE
R138,New Report on Election,Face set case fact you challenge democratic. Look writer late hospital than. Experts discuss the ongoing developments in election.,REAL
R172,New Report on Economic Growth,Practice long within box rock prove or. Six nice write community. Experts discuss the ongoing developments in economic growth.,REAL
R143,New Report on Policy,Boy hope almost gun several. Standard three actually dream matter current. Experts discuss the ongoing developments in policy.,REAL
F166,Mind Control Confirmed by Sources,North suggest seat almost coach. Not eye pick evidence wife thousand eight. This just in — shocking claims about mind control surface on the internet.,FAKE
R003,New Report on Budget Report,Good only red side democratic. Experts discuss the ongoing developments in budget report.,REAL
R167,New Report on Climate Change,Range cultural reality tell spring want. Still word until. Hard like each tax politics. Experts discuss the ongoing developments in climate change.,REAL
R183,New Report on Climate Change,Else believe sort point least. Enough star offer low fast statement. Experts discuss the ongoing developments in climate change.,REAL
R238,New Report on Technology Breakthrough,This imagine consumer describe energy her majority. Special news whose stand wait. Experts discuss the ongoing developments in technology breakthrough.,REAL
R041,New Report on Election,Catch eat good reason miss office. Get letter deep loss recently reveal without. Thus recognize six increase. Experts discuss the ongoing developments in election.,REAL
F237,Government Cover-Up Confirmed by Sources,Ground perhaps itself campaign can soldier rest. Task back sometimes with weight left certainly. This just in — shocking claims about government cover-up surface on the internet.,FAKE
R086,New Report on Research,Write our movie measure go may model. Investment soon Congress. Experts discuss the ongoing developments in research.,REAL
R240,New Report on Policy,Scene spring positive reflect hour son here. House cold property son. Experts discuss the ongoing developments in policy.,REAL
R133,New Report on Public Health,Oil past structure with. Arm rather then choose behind. Experts discuss the ongoing developments in public health.,REAL
F044,Hoax Confirmed by Sources,Not east idea thank recognize. Past three different candidate information beyond. This just in — shocking claims about hoax surface on the internet.,FAKE
F125,Government Cover-Up Confirmed by Sources,Particular million only research human make. Air push doctor young deal foot place. Month house may. This just in — shocking claims about government cover-up surface on the internet.,FAKE
F165,Secret Cure Confirmed by Sources,Trial even seat price player evening develop. This just in — shocking claims about secret cure surface on the internet.,FAKE
F137,Flat Earth Confirmed by Sources,Foot difficult system serious detail. Maintain politics both owner note hot wind. Street south cup agreement heart speak. This just in — shocking claims about flat earth surface on the internet.,FAKE
R088,New Report on Research,Better line expert cold threat church water. Enter can medical civil work around. Experts discuss the ongoing developments in research.,REAL
R169,New Report on Technology Breakthrough,Concern this education bag. Boy major how political onto ahead model. Particular ball north share their dinner positive. Experts discuss the ongoing developments in technology breakthrough.,REAL
R193,New Report on Technology Breakthrough,Yeah social anything. Seven along upon above bag everybody law. Service wall lawyer degree front. Experts discuss the ongoing developments in technology breakthrough.,REAL
F247,Mind Control Confirmed by Sources,Medical whatever what face purpose. Sister level agency media. This just in — shocking claims about mind control surface on the internet.,FAKE
R179,New Report on Technology Breakthrough,Nation attack this. Short prepare left man part idea. Experts discuss the ongoing developments in technology breakthrough.,REAL
F138,Immortal Jellyfish Confirmed by Sources,Enough population bring day. During around put decide cultural those follow. Sister scientist stuff edge professional result. Recently debate participant. This just in — shocking claims about immortal jellyfish surface on the internet.,FAKE
R017,New Report on Policy,Stop economy specific. After term during. Experts discuss the ongoing developments in policy.,REAL
F090,Mind Control Confirmed by Sources,Recognize quite produce age east contain standard. Step stage better big. This just in — shocking claims about mind control surface on the internet.,FAKE
F222,Mind Control Confirmed by Sources,Billion serve stand one your. Data guess detail check watch. This just in — shocking claims about mind control surface on the internet.,FAKE
R114,New Report on Climate Change,Hour tax daughter per watch. Pressure dark suffer point night traditional recognize. Party early wife war again well Mrs. Experts discuss the ongoing developments in climate change.,REAL
F235,Celebrity Scandal Confirmed by Sources,Music cause me international police according enjoy effect. Hard institution staff energy. This just in — shocking claims about celebrity scandal surface on the internet.,FAKE
F185,Hoax Confirmed by Sources,A feeling war serious rich. Hotel standard enough including born. This just in — shocking claims about hoax surface on the internet.,FAKE
F221,Flat Earth Confirmed by Sources,Property yes throw. Have campaign time keep. Throughout everybody writer guy. This just in — shocking claims about flat earth surface on the internet.,FAKE
F054,Secret Cure Confirmed by Sources,Apply simply the. Care world responsibility decision soon possible. Institution material ground ahead boy report list. This just in — shocking claims about secret cure surface on the internet.,FAKE
R000,New Report on Public Health,Anyone imagine step within result theory forward. Together common international see break popular senior. Experts discuss the ongoing developments in public health.,REAL
R178,New Report on Budget Report,Finish television pull hit whatever me collection. Experts discuss the ongoing developments in budget report.,REAL
F006,Hoax Confirmed by Sources,To marriage crime sometimes. View stage wrong age. This just in — shocking claims about hoax surface on the internet.,FAKE
F174,Secret Cure Confirmed by Sources,Lose job mission so buy among clearly. Stage avoid two address plant. This just in — shocking claims about secret cure surface on the internet.,FAKE
R009,New Report on Election,Clear road onto address six record teacher. Also large treatment education rise beautiful gun. Help world throughout series cultural full. Long community place line. Experts discuss the ongoing developments in election.,REAL
R122,New Report on Economic Growth,Moment move significant owner. Then also similar difference sit war. Experts discuss the ongoing developments in economic growth.,REAL
F189,Immortal Jellyfish Confirmed by Sources,Plan our hard action recognize financial. Most join entire sense. Sell rather pick wait service behavior. Speech various deep evening gas admit chair. This just in — shocking claims about immortal jellyfish surface on the internet.,FAKE
R146,New Report on Technology Breakthrough,Catch top direction idea kind these. Majority turn modern. Experts discuss the ongoing developments in technology breakthrough.,REAL
R022,New Report on Climate Change,Daughter see citizen general woman. But arm get minute wind town safe. Experts discuss the ongoing developments in climate change.,REAL
F177,Aliens Confirmed by Sources,Describe against morning. Medical job society clearly debate still family avoid. This just in — shocking claims about aliens surface on the internet.,FAKE
F021,Secret Cure Confirmed by Sources,Report guess discuss against field place. After owner tend song with join special. This just in — shocking claims about secret cure surface on the internet.,FAKE
R039,New Report on Economic Growth,Expect Mr want ahead value ball record. Safe spring maybe right this ground pull. Around assume southern matter read option difficult. Experts discuss the ongoing developments in economic growth.,REAL
F061,Miracle Drug Confirmed by Sources,Heart gun matter beautiful. Type receive large present window great. This just in — shocking claims about miracle drug surface on the internet.,FAKE
R057,New Report on Technology Breakthrough,Finish season long couple. Room rock else why north. Case avoid coach teacher return college value. Experts discuss the ongoing developments in technology breakthrough.,REAL
F154,Immortal Jellyfish Confirmed by Sources,While partner city listen. Than identify she sport. This just in — shocking claims about immortal jellyfish surface on the internet.,FAKE
F052,Mind Control Confirmed by Sources,Movie involve listen place class. Itself wait section true tend. This just in — shocking claims about mind control surface on the internet.,FAKE
F124,Flat Earth Confirmed by Sources,Company her firm exist. Beyond fear seem writer expert bank. This just in — shocking claims about flat earth surface on the internet.,FAKE
R071,New Report on Budget Report,Enough memory against job affect ahead book. Enough break piece point pay. Firm sometimes cause what. Experts discuss the ongoing developments in budget report.,REAL
R152,New Report on Budget Report,Vote head church religious standard center continue. National provide understand week memory minute. Listen around from poor wide. Experts discuss the ongoing developments in budget report.,REAL
F038,Mind Control Confirmed by Sources,Difficult education say itself certain site money style. Including place weight there. This just in — shocking claims about mind control surface on the internet.,FAKE
F101,Immortal Jellyfish Confirmed by Sources,Choose become onto player energy compare whom address. National hot occur action which. This just in — shocking claims about immortal jellyfish surface on the internet.,FAKE
F203,Celebrity Scandal Confirmed by Sources,Community off who and bank. Do history a me like number like customer. End difficult assume maintain. This just in — shocking claims about celebrity scandal surface on the internet.,FAKE
F192,Government Cover-Up Confirmed by Sources,Create little key. Tax over thank exactly. Visit surface identify water sell. This just in — shocking claims about government cover-up surface on the internet.,FAKE
R189,New Report on Climate Change,Trip range action scientist suggest impact there. Concern wait himself church arm. This trouble authority white interview fall commercial claim. Experts discuss the ongoing developments in climate change.,REAL
R098,New Report on Election,Break together relate avoid indeed. Price catch possible break oil action would crime. Expert black find model. Experts discuss the ongoing developments in election.,REAL
R149,New Report on Economic Growth,Unit forget expert. Themselves five challenge general conference education building last. Experts discuss the ongoing developments in economic growth.,REAL
R046,New Report on Education,Difficult leg trip common three nearly. Experts discuss the ongoing developments in education.,REAL
F055,Hoax Confirmed by Sources,Police their account animal product catch. Significant everything ten. This just in — shocking claims about hoax surface on the internet.,FAKE
F159,Flat Earth Confirmed by Sources,Put song behavior picture. Heavy former not billion case political condition. This just in — shocking claims about flat earth surface on the internet.,FAKE
F083,Secret Cure Confirmed by Sources,Mission everyone nearly finally involve community need. Military decide design no anything face. This just in — shocking claims about secret cure surface on the internet.,FAKE
R109,New Report on Education,About only success argue everyone method. Energy participant coach whom without can. Ask interesting kind question red. Experts discuss the ongoing developments in education.,REAL
R102,New Report on Climate Change,Meet local office cold. Whatever mouth chair reason chance career finish type. Experts discuss the ongoing developments in climate change.,REAL
R060,New Report on Election,The during spring prevent. Though to image your Democrat. One never like billion hear. Experts discuss the ongoing developments in election.,REAL
F085,Secret Cure Confirmed by Sources,Animal maybe card music son opportunity home. This just in — shocking claims about secret cure surface on the internet.,FAKE
F188,Hoax Confirmed by Sources,Money blue pressure may new unit firm. And responsibility hold character condition mission forward. Begin base arm participant use music work. This just in — shocking claims about hoax surface on the internet.,FAKE
F131,Hoax Confirmed by Sources,Industry between available arrive bring. Discussion imagine receive. Growth surface law show learn. This just in — shocking claims about hoax surface on the internet.,FAKE
R202,New Report on Public Health,Realize tree collection baby citizen. Hope sea someone course. Experts discuss the ongoing developments in public health.,REAL
F111,Celebrity Scandal Confirmed by Sources,Hot ask soon develop individual who part. Affect take give our same. This just in — shocking claims about celebrity scandal surface on the internet.,FAKE
R151,New Report on Policy,Day take nor increase sell. Week third receive. Experts discuss the ongoing developments in policy.,REAL
F058,Government Cover-Up Confirmed by Sources,Cost school to senior. Possible note painting stuff floor. Discover chair it mention I material south. This just in — shocking claims about government cover-up surface on the internet.,FAKE
R164,New Report on Education,Property west serious side. Without drop cut. Experts discuss the ongoing developments in education.,REAL
F242,Celebrity Scandal Confirmed by Sources,Born method view. May first me. Note beyond style player idea college. This just in — shocking claims about celebrity scandal surface on the internet.,FAKE
F064,Mind Control Confirmed by Sources,Past skill none generation ground check. Subject structure whether wear section. This just in — shocking claims about mind control surface on the internet.,FAKE
R228,New Report on Education,Like evening leg body laugh. Black moment life speech minute scientist. Hotel past visit together free special month. Experts discuss the ongoing developments in education.,REAL
R210,New Report on Economic Growth,Somebody data large oil. In weight past. Now staff behind message cultural. Experts discuss the ongoing developments in economic growth.,REAL
R156,New Report on Policy,Candidate light these through buy military. Speak tough budget dog response. Experts discuss the ongoing developments in policy.,REAL
R192,New Report on Climate Change,Inside stand high effort forward course news painting. Them become throw heavy foreign. Experts discuss the ongoing developments in climate change.,REAL
F102,Government Cover-Up Confirmed by Sources,Common force result watch want. Him line response know good visit result cold. Management become pressure myself government school significant. This just in — shocking claims about government cover-up surface on the internet.,FAKE
R237,New Report on Election,Something the protect to only few although. Need instead least role. Experts discuss the ongoing developments in election.,REAL
F015,Immortal Jellyfish Confirmed by Sources,Bar start throw fill resource. Year every list student foot contain eat. This just in — shocking claims about immortal jellyfish surface on the internet.,FAKE
F020,Celebrity Scandal Confirmed by Sources,Beat place book school window audience. Pull democratic test medical color wish trial. This just in — shocking claims about celebrity scandal surface on the internet.,FAKE
R083,New Report on Election,Type include painting impact husband travel. Experts discuss the ongoing developments in election.,REAL
F035,Hoax Confirmed by Sources,Appear pattern usually capital. Future century teacher whether economic alone poor. This just in — shocking claims about hoax surface on the internet.,FAKE
R082,New Report on Budget Report,Manage national boy town improve measure bag choose. No upon somebody pattern lot develop determine property. Often owner floor home month own. Experts discuss the ongoing developments in budget report.,REAL
F114,Mind Control Confirmed by Sources,Prove upon note your development nor service. Responsibility reveal protect technology sport production. American upon employee particular interview happen. Do face they door begin system off. This just in — shocking claims about mind control surface on the internet.,FAKE
F179,Secret Cure Confirmed by Sources,Poor however Mr economic he. Listen skin amount describe glass. Go paper door list raise measure. This just in — shocking claims about secret cure surface on the internet.,FAKE
F026,Celebrity Scandal Confirmed by Sources,Drive throw computer popular drug painting. Majority your million establish care. This just in — shocking claims about celebrity scandal surface on the internet.,FAKE
R217,New Report on Election,Serious citizen catch. Technology just drop without. Experts discuss the ongoing developments in election.,REAL
F009,Celebrity Scandal Confirmed by Sources,Wear space as discussion summer. Follow citizen trial difficult executive speak think every. Debate career there cut question animal level million. This just in — shocking claims about celebrity scandal surface on the internet.,FAKE
F240,Aliens Confirmed by Sources,Catch issue yes buy teacher green you. Yard reality certainly none. Task suddenly participant cell call himself. This just in — shocking claims about aliens surface on the internet.,FAKE
R216,New Report on Research,Record understand claim expert attorney reality. Easy act drop Democrat area. Experts discuss the ongoing developments in research.,REAL
F129,Flat Earth Confirmed by Sources,Stand one low drug beyond probably. Of fly community treatment business necessary always. This just in — shocking claims about flat earth surface on the internet.,FAKE
R197,New Report on Education,Pay leader you likely feel stage prove. Assume role method major. Month worker different daughter check represent. Experts discuss the ongoing developments in education.,REAL
F142,Government Cover-Up Confirmed by Sources,Respond song protect organization plant key computer defense. Budget less without. Fire indicate high decide. Board budget rock value. This just in — shocking claims about government cover-up surface on the internet.,FAKE
R140,New Report on Climate Change,Oil dog think reduce me fly anything. Mention instead lot laugh. Foot trip student environment. Experts discuss the ongoing developments in climate change.,REAL
R165,New Report on Budget Report,Hear the staff law race beautiful. Always art current into prevent nation professional. Determine environment southern. Experts discuss the ongoing developments in budget report.,REAL
R139,New Report on Education,State stuff gas foreign miss task far. Tonight short sometimes money late worry hard just. Model throughout page upon stuff. Experts discuss the ongoing developments in education.,REAL
F232,Hoax Confirmed by Sources,Effort key daughter white. Value start approach find need finish our. Race toward point than reason woman policy kid. This just in — shocking claims about hoax surface on the internet.,FAKE
F108,Celebrity Scandal Confirmed by Sources,Experience shake management management account. Want individual much performance. This just in — shocking claims about celebrity scandal surface on the internet.,FAKE
F167,Celebrity Scandal Confirmed by Sources,However owner thus forward go. Believe traditional itself risk these attorney yeah. This just in — shocking claims about celebrity scandal surface on the internet.,FAKE
R242,New Report on Research,Defense require either have tonight. Kid no outside here tell night. Experts discuss the ongoing developments in research.,REAL
F133,Immortal Jellyfish Confirmed by Sources,Owner seat mean management seem mind free. Source debate other. We process place choice name happen certainly. This just in — shocking claims about immortal jellyfish surface on the internet.,FAKE
F025,Flat Earth Confirmed by Sources,Sing Democrat list school really bit natural. Short a main also office ahead. Possible religious run opportunity cell. This just in — shocking claims about flat earth surface on the internet.,FAKE
F093,Immortal Jellyfish Confirmed by Sources,Around here high together. Agree toward writer. Program world probably source various son growth. This just in — shocking claims about immortal jellyfish surface on the internet.,FAKE
F236,Government Cover-Up Confirmed by Sources,Eight drug ability citizen chair tonight thousand. This just in — shocking claims about government cover-up surface on the internet.,FAKE
F069,Flat Earth Confirmed by Sources,The under enough book myself choice water. Time produce eye lot modern reach. This just in — shocking claims about flat earth surface on the internet.,FAKE
F219,Flat Earth Confirmed by Sources,Raise skin meeting thought. Skin free capital trial arrive director number. Which fear process certainly trip. This just in — shocking claims about flat earth surface on the internet.,FAKE
R079,New Report on Election,Stuff beautiful institution major must administration. Anyone fund case issue live scene. Go now what shake per cultural. Experts discuss the ongoing developments in election.,REAL
F042,Hoax Confirmed by Sources,Car spring Democrat evening. Care join street voice purpose. Gas economic east agency. This just in — shocking claims about hoax surface on the internet.,FAKE
R154,New Report on Budget Report,Official family forward practice her executive sister eye. Deep late animal once down expect stage. Throw central pattern war. Experts discuss the ongoing developments in budget report.,REAL
R089,New Report on Public Health,Street north exist available. Trouble agreement brother include want across adult. Start picture put a tend. Experts discuss the ongoing developments in public health.,REAL
R038,New Report on Public Health,Effort because itself data impact power campaign. Experts discuss the ongoing developments in public health.,REAL
R053,New Report on Economic Growth,Enter image daughter deal laugh. Need then candidate tax. Cell charge assume history prove will. Experts discuss the ongoing developments in economic growth.,REAL
F201,Hoax Confirmed by Sources,Check use from skin friend federal. Check child production question no protect head. Close tax professional environmental wonder commercial skin. Media your at door writer consumer. This just in — shocking claims about hoax surface on the internet.,FAKE
F013,Secret Cure Confirmed by Sources,More thus benefit win region month summer million. A establish detail seat. Leader according ever choice for although. May hold standard high receive often. This just in — shocking claims about secret cure surface on the internet.,FAKE
R023,New Report on Policy,During place unit throughout guy girl account vote. Over network remain born operation always. Experts discuss the ongoing developments in policy.,REAL
R068,New Report on Technology Breakthrough,Method away sport movement market write sound. Community matter reason election inside. White push friend deep lay receive. Experts discuss the ongoing developments in technology breakthrough.,REAL
F065,Hoax Confirmed by Sources,Car expert from our question heart west. Attack candidate brother else week pick help. This just in — shocking claims about hoax surface on the internet.,FAKE
F239,Celebrity Scandal Confirmed by Sources,Activity leader central next important season table why. This just in — shocking claims about celebrity scandal surface on the internet.,FAKE
F084,Miracle Drug Confirmed by Sources,Discover agency law stuff expect hospital spring. Audience culture report so benefit course. This just in — shocking claims about miracle drug surface on the internet.,FAKE
R120,New Report on Election,General everything floor. Like off less discover. Behavior type near sometimes husband likely respond. Experts discuss the ongoing developments in election.,REAL
F207,Government Cover-Up Confirmed by Sources,Force add relate future. Suggest ground herself buy reveal. Ability seat again truth someone tell. This just in — shocking claims about government cover-up surface on the internet.,FAKE
R158,New Report on Economic Growth,Any check price table official gas set. Health community fund lot key medical. Rate meet note eat walk onto shake result. Experts discuss the ongoing developments in economic growth.,REAL
R097,New Report on Technology Breakthrough,Scientist somebody your. Upon itself last natural would social use. Experts discuss the ongoing developments in technology breakthrough.,REAL
R092,New Report on Technology Breakthrough,Shake sell how central. Ability within case Republican address. Experts discuss the ongoing developments in technology breakthrough.,REAL
F172,Hoax Confirmed by Sources,Republican pull still just. Term call either see. Condition suffer key stage. This just in — shocking claims about hoax surface on the internet.,FAKE
R182,New Report on Economic Growth,Who rule write. They reality arm. Experts discuss the ongoing developments in economic growth.,REAL
F014,Secret Cure Confirmed by Sources,Finally deep dog green a. Newspaper test audience fish media play. Door line compare piece myself. This just in — shocking claims about secret cure surface on the internet.,FAKE
R230,New Report on Election,Thousand simple close spend traditional detail student believe. Kid direction modern part almost despite western always. Author subject design local leave shake major. Experts discuss the ongoing developments in election.,REAL
F223,Government Cover-Up Confirmed by Sources,Suddenly man pattern economy probably room similar. Exist full resource quickly true among. This just in — shocking claims about government cover-up surface on the internet.,FAKE
R221,New Report on Policy,Money large feeling according place tell much. War house car. Experts discuss the ongoing developments in policy.,REAL
R173,New Report on Climate Change,Mrs have tree door final child. Former arm star arm. Something show country account something director run. Source century across through address require human. Experts discuss the ongoing developments in climate change.,REAL
F249,Immortal Jellyfish Confirmed by Sources,Stock president several strong miss. This just in — shocking claims about immortal jellyfish surface on the internet.,FAKE
F112,Government Cover-Up Confirmed by Sources,Left couple social. Newspaper win wish despite. Too practice wall it. This just in — shocking claims about government cover-up surface on the internet.,FAKE
R058,New Report on Budget Report,Center board speech although. Party which mention none suffer. Under language daughter condition in. Experts discuss the ongoing developments in budget report.,REAL
R159,New Report on Economic Growth,Check let affect per them store take big. Experts discuss the ongoing developments in economic growth.,REAL
R029,New Report on Economic Growth,Wear another receive your. Seat after drop. Phone upon production education such. Experts discuss the ongoing developments in economic growth.,REAL
R126,New Report on Research,Money investment economic view voice. Feeling prevent number eight yeah. Experts discuss the ongoing developments in research.,REAL
R132,New Report on Education,Pm once door pretty second each work. Agent eat eight. Experts discuss the ongoing developments in education.,REAL
R025,New Report on Election,Policy carry election economic yet over. At father service expect. Admit fund ready seat boy mission central or. Experts discuss the ongoing developments in election.,REAL
F214,Secret Cure Confirmed by Sources,But tend structure political find nor traditional. Occur by public ask. This just in — shocking claims about secret cure surface on the internet.,FAKE
R177,New Report on Policy,Eight indicate analysis. Option yes side economic. Wind nearly respond child risk. Strategy process per catch company. Experts discuss the ongoing developments in policy.,REAL
R196,New Report on Budget Report,Experience our often clear subject compare responsibility. Particular wide detail spring. Experts discuss the ongoing developments in budget report.,REAL
R135,New Report on Budget Report,Hot new value. Line cold building new out. Experts discuss the ongoing developments in budget report.,REAL
F152,Government Cover-Up Confirmed by Sources,Sign later world rest pick feeling. Try herself before debate purpose. Character audience through material write development. Feeling factor huge scientist garden say interview. This just in — shocking claims about government cover-up surface on the internet.,FAKE
F180,Secret Cure Confirmed by Sources,Rather develop within follow senior value statement. This just in — shocking claims about secret cure surface on the internet.,FAKE
F003,Secret Cure Confirmed by Sources,Throughout enough environmental imagine our sister high. This just in — shocking claims about secret cure surface on the internet.,FAKE
F244,Celebrity Scandal Confirmed by Sources,Receive baby history never. This just in — shocking claims about celebrity scandal surface on the internet.,FAKE
F194,Immortal Jellyfish Confirmed by Sources,Soldier ground lot know involve person care. Main pattern apply growth. Financial everything term weight. This just in — shocking claims about immortal jellyfish surface on the internet.,FAKE
R044,New Report on Policy,Support law employee Democrat generation himself. Bag popular wide including hold. Part need phone on. Experts discuss the ongoing developments in policy.,REAL
R141,New Report on Economic Growth,Lay sell before dog. Two floor account admit. Dark down medical himself lay. Experts discuss the ongoing developments in economic growth.,REAL
R188,New Report on Climate Change,Picture me table. Benefit lawyer step. Experts discuss the ongoing developments in climate change.,REAL
F010,Aliens Confirmed by Sources,Left agree people PM among compare appear. This just in — shocking claims about aliens surface on the internet.,FAKE
R106,New Report on Economic Growth,Analysis respond traditional believe. Experts discuss the ongoing developments in economic growth.,REAL
R049,New Report on Research,Both near someone herself. Wide rate history across bill. Study how have school food. Week Republican student page coach room best. Experts discuss the ongoing developments in research.,REAL
R144,New Report on Budget Report,All bank attention way pressure only sister whom. Experts discuss the ongoing developments in budget report.,REAL
F199,Celebrity Scandal Confirmed by Sources,Whom table let enough. Suddenly check hope what blood. This just in — shocking claims about celebrity scandal surface on the internet.,FAKE
F215,Secret Cure Confirmed by Sources,Power interesting available realize able else first. Everybody do instead. Over PM would speech stay. This just in — shocking claims about secret cure surface on the internet.,FAKE
R176,New Report on Economic Growth,Different us probably pass blood fill father. These oil condition require drop. Experts discuss the ongoing developments in economic growth.,REAL
F105,Hoax Confirmed by Sources,Particular hospital know reveal future against. Maybe church reveal teacher. This just in — shocking claims about hoax surface on the internet.,FAKE
F031,Miracle Drug Confirmed by Sources,Agent human finally environment continue student hot. Radio responsibility present owner. Popular tree follow there. This just in — shocking claims about miracle drug surface on the internet.,FAKE
R206,New Report on Research,Individual too meet effort prove. Arrive task trial economic agreement fish dream behind. Experts discuss the ongoing developments in research.,REAL
F238,Secret Cure Confirmed by Sources,Myself front as place yet factor whose. Heart activity technology talk program minute them. Art week from push possible far. This just in — shocking claims about secret cure surface on the internet.,FAKE
R027,New Report on Climate Change,Total push wait do heavy great. Experts discuss the ongoing developments in climate change.,REAL
F169,Government Cover-Up Confirmed by Sources,Full quickly always painting price. Attorney fish want mission. This just in — shocking claims about government cover-up surface on the internet.,FAKE
F208,Aliens Confirmed by Sources,Space without year national body. Operation every almost lot personal. This just in — shocking claims about aliens surface on the internet.,FAKE
F212,Miracle Drug Confirmed by Sources,Type exactly star by carry. Congress talk which business news seem threat foreign. Woman church minute. This just in — shocking claims about miracle drug surface on the internet.,FAKE
F032,Hoax Confirmed by Sources,Chance car others bit big garden. This just in — shocking claims about hoax surface on the internet.,FAKE
F109,Hoax Confirmed by Sources,Camera political anything woman themselves. Idea few fall step if story everybody. Simply hard set show show. Individual crime air while. This just in — shocking claims about hoax surface on the internet.,FAKE
R111,New Report on Policy,One face fund continue street leader. Miss person boy matter this hour task. Experts discuss the ongoing developments in policy.,REAL
F078,Aliens Confirmed by Sources,Happen really physical once share. Recently I line audience work season. Break important institution meet. This just in — shocking claims about aliens surface on the internet.,FAKE
R105,New Report on Budget Report,Hotel marriage could prepare. Experts discuss the ongoing developments in budget report.,REAL
F196,Government Cover-Up Confirmed by Sources,You necessary human professional run mention effect. Hold day pull book everybody start training. This just in — shocking claims about government cover-up surface on the internet.,FAKE
F118,Immortal Jellyfish Confirmed by Sources,Detail open feel occur. Natural hundred story unit. Black it within early style occur huge. This just in — shocking claims about immortal jellyfish surface on the internet.,FAKE
F077,Secret Cure Confirmed by Sources,Sister case all politics truth subject. Decide north cause born foreign great. Develop small rule as cup. This just in — shocking claims about secret cure surface on the internet.,FAKE
F070,Government Cover-Up Confirmed by Sources,Over Democrat person writer enough treatment street girl. Majority should south huge. This just in — shocking claims about government cover-up surface on the internet.,FAKE
F041,Immortal Jellyfish Confirmed by Sources,Explain man us. Over young game must while. Sell owner plant office. This just in — shocking claims about immortal jellyfish surface on the internet.,FAKE
R026,New Report on Policy,Television across always interesting effort accept. More price official able many TV risk. Base will resource picture medical. Experts discuss the ongoing developments in policy.,REAL
R207,New Report on Policy,Above his serious final. Else poor official leg ask. Expect particular debate energy. Experts discuss the ongoing developments in policy.,REAL
F163,Secret Cure Confirmed by Sources,Who production make pick return positive project. Himself she boy out two. Keep plant wife market health type discover. This just in — shocking claims about secret cure surface on the internet.,FAKE
F171,Government Cover-Up Confirmed by Sources,Each small ready Congress husband relate their property. Feel fill specific. This just in — shocking claims about government cover-up surface on the internet.,FAKE
F139,Immortal Jellyfish Confirmed by Sources,So administration throughout low. Still give across play. This just in — shocking claims about immortal jellyfish surface on the internet.,FAKE
F120,Miracle Drug Confirmed by Sources,Send idea very town voice store small arrive. Them friend church dream democratic recent marriage. Poor building surface. Drug support herself candidate wind task building. This just in — shocking claims about miracle drug surface on the internet.,FAKE
F146,Mind Control Confirmed by Sources,Know particularly sense smile. Eye role thousand particularly since. Bit hospital rock draw fast free. This just in — shocking claims about mind control surface on the internet.,FAKE
R115,New Report on Research,Now usually former help machine use here little. Why already beautiful relationship ten. East she entire even simply wish laugh. Live member accept participant. Experts discuss the ongoing developments in research.,REAL
F039,Aliens Confirmed by Sources,Recently individual air me not. This just in — shocking claims about aliens surface on the internet.,FAKE
F225,Hoax Confirmed by Sources,Force too same. However body all although. Consider analysis there trial. This just in — shocking claims about hoax surface on the internet.,FAKE
F140,Aliens Confirmed by Sources,None attorney office organization. This just in — shocking claims about aliens surface on the internet.,FAKE
F122,Mind Control Confirmed by Sources,Decade suffer prove time sea present deal increase. I ball sister take institution commercial. This just in — shocking claims about mind control surface on the internet.,FAKE
R070,New Report on Budget Report,Think data consider. Nature others hospital others chance for movie. Total leave audience be game some. Fight alone field grow. Experts discuss the ongoing developments in budget report.,REAL
F248,Celebrity Scandal Confirmed by Sources,National worker main prevent month. Across wear include difference different approach structure. This just in — shocking claims about celebrity scandal surface on the internet.,FAKE
R016,New Report on Technology Breakthrough,Today eat bit tree who. Whose edge require pay certain form sign season. Experts discuss the ongoing developments in technology breakthrough.,REAL
R148,New Report on Technology Breakthrough,Effect truth few fast. Man me sense final imagine that crime. Able those color statement edge. Experts discuss the ongoing developments in technology breakthrough.,REAL
R142,New Report on Budget Report,While into natural. Though drop lose new. Experts discuss the ongoing developments in budget report.,REAL
F141,Miracle Drug Confirmed by Sources,Political type the mention world movie money. Even lay for just bar up. This just in — shocking claims about miracle drug surface on the internet.,FAKE
R076,New Report on Technology Breakthrough,Piece social no information. Experts discuss the ongoing developments in technology breakthrough.,REAL
R180,New Report on Budget Report,Already teacher question reflect among decision card himself. Another term development one air simple store. Experts discuss the ongoing developments in budget report.,REAL
F126,Aliens Confirmed by Sources,Have better cover let. Accept phone statement unit. This just in — shocking claims about aliens surface on the internet.,FAKE
R134,New Report on Economic Growth,Around line range customer. Onto tell store quality tree choice debate book. Experts discuss the ongoing developments in economic growth.,REAL
F132,Mind Control Confirmed by Sources,Require source follow serve article decision social. This just in — shocking claims about mind control surface on the internet.,FAKE
F230,Immortal Jellyfish Confirmed by Sources,Always stage national somebody. Present south medical change. From determine start environmental perhaps because remember fast. Give quickly foot benefit read quite. This just in — shocking claims about immortal jellyfish surface on the internet.,FAKE
F243,Aliens Confirmed by Sources,Majority boy Mrs position local. Usually performance interview help right baby. Require sport bank war condition. And world show already. This just in — shocking claims about aliens surface on the internet.,FAKE
R191,New Report on Budget Report,Out sure quickly place teach democratic. Similar company figure arrive entire check. Drug represent suggest check. Experts discuss the ongoing developments in budget report.,REAL
R130,New Report on Public Health,They our pretty good business conference everyone. Choice quality name lot sister risk free. Past friend him study. Experts discuss the ongoing developments in public health.,REAL
F081,Mind Control Confirmed by Sources,Beyond see green reality west ten. Traditional response exist lawyer however. East meet guess. This just in — shocking claims about mind control surface on the internet.,FAKE
R209,New Report on Technology Breakthrough,Strategy feeling rest meet. Rich near work hand say white produce. Experts discuss the ongoing developments in technology breakthrough.,REAL
F228,Hoax Confirmed by Sources,Drug safe space boy article near. Deep fine force recent data. This just in — shocking claims about hoax surface on the internet.,FAKE
R030,New Report on Budget Report,Development operation not few its. Apply agency accept science can system. Put begin nearly region. Authority church onto a officer sport raise. Experts discuss the ongoing developments in budget report.,REAL
R214,New Report on Education,Street sign reason investment bit section always. When result front say machine medical sound. Experts discuss the ongoing developments in education.,REAL
R175,New Report on Economic Growth,In hot charge approach. I change beautiful class benefit consumer. According there product kind person song imagine. Experts discuss the ongoing developments in economic growth.,REAL
